AreaHaSIG,lat,lon,cluster,year,is_noise
0.05212912,41.32403385116688,-8.540531629409267,16,2022,False
181.85988563,39.819629810324734,-8.795026717033647,2,2022,False
282.8820045,39.61974960563765,-8.236704207293354,3,2022,False
0.18897301,38.80916734159608,-9.121207316821009,1,2022,False
0.91342942,41.734479458797885,-8.21392733127258,-1,2022,True
0.09189836,41.31708108651925,-8.58954293963521,16,2022,False
0.04472559,40.3833665305353,-8.412892338968163,4,2022,False
27.962491,40.96851312056853,-8.106533662588024,-1,2022,True
227.98839731,40.81176232494949,-8.282782764770946,-1,2022,True
0.54463444,40.96824350098975,-8.482929121311411,-1,2022,True
0.7696508,40.98744261963549,-8.459765915847989,-1,2022,True
0.03328278,40.36437700659835,-8.389852146176239,4,2022,False
0.80419632,40.95525151499484,-8.482190638678055,-1,2022,True
2.27987578,40.959437730732375,-8.482925806385547,-1,2022,True
2.97732492,41.03702005139866,-8.501320093963132,-1,2022,True
18.75203356,40.987258145134774,-8.092352348168562,15,2022,False
0.66590985,41.06197850259763,-8.293072309501492,-1,2022,True
49.91729769,40.988633210800394,-7.979408735110206,-1,2022,True
0.03744139,40.34401812924079,-8.459773716676075,4,2022,False
10.48693687,40.976356374764585,-8.15487053636025,-1,2022,True
0.10406998,40.392221739814524,-8.473238118541055,4,2022,False
1.14473474,40.99653694967849,-8.253987746533197,-1,2022,True
2.29496874,40.33265876909541,-8.471326325136705,4,2022,False
2.56919798,40.94738934016808,-8.589560390359258,-1,2022,True
1.25070489,41.04209035831318,-8.460020765108183,-1,2022,True
1.04458371,40.98968592204814,-8.439433827919158,-1,2022,True
1.31691793,40.56491784833001,-8.56868526147659,4,2022,False
0.01424797,40.37080382826983,-8.468440097569875,4,2022,False
223.64366681,40.64071773209608,-8.337139787879648,-1,2022,True
0.42738634,40.35978500799277,-8.45370150731362,4,2022,False
46.65822509,40.74858688494001,-8.470733761537186,-1,2022,True
1.97837386,40.48584629510673,-8.659026733531084,4,2022,False
37.48916732,41.0459287038166,-8.457126563057116,-1,2022,True
0.93657021,40.62388759320498,-8.69278741567775,-1,2022,True
0.73687808,41.007697078396085,-8.525837209081303,-1,2022,True
0.0086156,40.32536502638678,-8.448553886358175,4,2022,False
2865.39713626,40.727919442626316,-8.516882153821399,-1,2022,True
0.13630538,40.33929008751116,-8.490268904569099,4,2022,False
0.66138023,40.62242743517308,-8.485887737639777,4,2022,False
0.8485555,41.041713712851326,-8.326118499897715,-1,2022,True
1.03521398,40.69221199281462,-8.489342123213046,-1,2022,True
0.47106198,41.05584715693097,-8.242987564582528,-1,2022,True
1.79199215,40.68184898906851,-8.492013702212695,-1,2022,True
10.93083416,40.86177183735527,-8.426422216339967,-1,2022,True
0.57271419,41.015615939476675,-8.488360109551316,-1,2022,True
0.62001059,40.47449863097863,-8.407094661336217,4,2022,False
0.87839982,40.34575847077088,-8.47452523392952,4,2022,False
4.3521788,40.632879367142415,-8.517554667061363,4,2022,False
6.29671022,40.55719604250585,-8.570496420611462,4,2022,False
2.96267695,40.58211707105039,-8.60415721171844,4,2022,False
2.6070846,40.975123350034025,-8.517842991385608,-1,2022,True
0.66695686,40.97451021723086,-8.516884594587111,-1,2022,True
1.18466786,40.57463821890634,-8.583778573277334,4,2022,False
0.47099483,37.54882318270951,-7.6032379178122556,-1,2022,True
0.61464991,37.710890041499944,-8.653433037162536,-1,2022,True
2.76422081,37.50151536861145,-8.015536428977674,-1,2022,True
2.82364342,38.20289083741551,-7.2812483092981894,-1,2022,True
1.86003141,37.88233295846111,-8.004426777194984,0,2022,False
4.75930621,37.88207479987173,-8.235857627348993,-1,2022,True
1.68040864,37.93390838317933,-7.9147373260891225,0,2022,False
5.54753671,38.11365265233059,-8.380106187310178,-1,2022,True
2.93844958,37.89008256844426,-8.17473788738327,-1,2022,True
1.05546359,37.409657215270244,-8.265490296985169,-1,2022,True
0.49926916,37.9270566261522,-7.553802968621726,-1,2022,True
3.64728538,37.58405231061467,-8.23827363926069,-1,2022,True
1.20110604,37.800614581892304,-7.859927362925308,0,2022,False
6.78383322,37.78877704324635,-7.896561358462003,0,2022,False
0.98449321,38.07456332753072,-7.380098566898806,-1,2022,True
2.46386653,38.21677572318488,-7.833917352795694,0,2022,False
4.0885702,37.740067947212395,-7.842545180248117,-1,2022,True
0.9674693,37.59662831071135,-7.640860664063507,-1,2022,True
13.82800829,37.610548966301955,-7.752384189118007,-1,2022,True
0.73732949,38.02847166917203,-7.861624555805829,0,2022,False
1.48828765,38.1140008502265,-7.9767419333680705,0,2022,False
1.89369938,38.02988534676824,-7.86185912618843,0,2022,False
1.64792862,37.98946989035989,-7.607488580674868,0,2022,False
14.88157737,38.05244516911278,-7.993064969896034,0,2022,False
1.63252621,37.71191597567009,-8.658889616907107,-1,2022,True
3.92246531,38.010455887716894,-7.882348758522194,0,2022,False
2.8471778,37.785665739139645,-8.314792392015013,-1,2022,True
0.63697476,37.90228256667944,-7.583033696441031,0,2022,False
0.7742585,38.01902060202011,-7.944287662550837,0,2022,False
2.30725789,38.03646372284834,-8.243072753618177,-1,2022,True
1.54871588,38.01162068093507,-7.879212327028445,0,2022,False
9.36596484,38.15138539411949,-8.027212018772877,0,2022,False
2.00206414,38.02105099207943,-7.891430588831154,0,2022,False
43.34692868,38.01034270385648,-7.542115215746111,0,2022,False
49.07447511,37.99660303830497,-7.345884391862376,-1,2022,True
2.94990269,37.885489959580724,-7.369473539058049,-1,2022,True
0.72895644,38.20216530974242,-7.280916863182603,-1,2022,True
1.28112496,38.10017658042716,-7.424259939163821,-1,2022,True
1.31919094,37.67209760365797,-8.66276434020123,-1,2022,True
16.52394775,37.9922026986045,-7.533053414810027,-1,2022,True
0.51862756,38.017586225556116,-7.846251801331073,0,2022,False
0.58619171,38.021701040313665,-7.846892894322906,0,2022,False
2.0321915,38.022392474113836,-7.846680298699232,0,2022,False
116.79501134,37.81107509097569,-8.172444049014619,-1,2022,True
4.14665813,38.24072931795389,-7.898972848958533,0,2022,False
0.74117847,38.022185572717476,-7.45427926763873,-1,2022,True
255.94228302,37.52869057158501,-8.672278433042303,-1,2022,True
0.73793701,38.09189153748173,-7.9806166470485564,0,2022,False
1.43108298,37.912254579745245,-7.931017312689697,0,2022,False
0.64943416,37.999341763614005,-7.854244498312931,0,2022,False
95.67994891,38.10463490050633,-7.723834473235791,0,2022,False
1.63770505,37.954254035705056,-8.046352421831774,0,2022,False
5.61007106,41.66901199663368,-8.23127096630045,-1,2022,True
19.21467204,41.46679712084534,-8.077566025744293,14,2022,False
9.53489272,41.547925820576616,-8.12747380704091,14,2022,False
4.51107626,41.3584341972441,-8.072534579286186,14,2022,False
4.89536618,41.50323130838981,-8.511210796039782,-1,2022,True
25.93327113,41.504988612012674,-8.137907253729772,14,2022,False
89.660643,41.658174428054096,-8.142649662999515,13,2022,False
0.55999572,41.572801456994256,-8.136375978275703,14,2022,False
39.58185237,41.578020285981566,-8.01695006700722,-1,2022,True
7.22322763,41.57441759262872,-8.017232483335404,14,2022,False
0.73864632,41.54139452083585,-8.034995280198718,14,2022,False
6.52441552,41.658449938764015,-8.154988579507911,-1,2022,True
1.68771777,41.64744613521776,-8.161573396785656,13,2022,False
1.16066473,41.65399282941527,-8.027094282941105,-1,2022,True
20.05333197,41.67458889583914,-8.09007883004697,-1,2022,True
4.31566114,41.66627843181047,-8.137454109102208,13,2022,False
12.01041272,41.58059784352051,-8.069866008612887,14,2022,False
4.66829917,41.72943414265875,-8.37220651118463,12,2022,False
1.1518544,41.57673243997806,-8.104490565286513,14,2022,False
38.53655055,41.511503207331494,-8.107056050682933,14,2022,False
28.05780401,41.67831939783141,-8.079085847362741,-1,2022,True
9.24357777,41.57516011334545,-7.9666329817652946,-1,2022,True
55.92426997,41.679507325572665,-8.302701143230173,-1,2022,True
21.91528454,41.62645611345154,-8.258223720525724,-1,2022,True
6.68535059,41.77411932791882,-8.248604102171171,12,2022,False
2.88205392,41.536363211277624,-8.153664687875642,14,2022,False
1.03002138,41.47409471219069,-8.510649311393054,-1,2022,True
2.08642902,41.44596789443779,-8.125958545922757,14,2022,False
33.32883238,41.58285273192861,-8.347359107695215,-1,2022,True
0.83688384,41.62085860982316,-8.213169261818125,13,2022,False
0.51763881,41.483164911077026,-8.09526666397522,14,2022,False
3.8215993,41.57682114735491,-8.012738093185938,-1,2022,True
31.32741406,41.518674593076284,-8.257804428013706,-1,2022,True
11.56429746,41.737622942621684,-8.319868116951548,12,2022,False
17.35937331,41.69222009449661,-8.0443898580722,-1,2022,True
82.79786675,41.74561401411228,-8.293127791219643,12,2022,False
94.59042111,41.42999197254828,-8.132821411428298,14,2022,False
53.10141755,41.5474219987206,-8.044067221976713,14,2022,False
3.25291282,41.42481331834099,-8.174953180013917,14,2022,False
2.40134047,41.4114708199237,-8.185534962725832,14,2022,False
1.15004311,41.729815644277004,-8.478886660537428,12,2022,False
1.10521625,41.564248687711945,-7.822778151354715,-1,2022,True
0.80271879,41.76751435166056,-8.254112842265323,12,2022,False
4.33541957,41.631838730413165,-8.0947551811068,-1,2022,True
4.91769577,41.7227763533013,-8.40261151548338,12,2022,False
19.03884399,41.568207633775685,-7.838061475104718,-1,2022,True
11.99480968,41.52827606817943,-8.031961031055168,14,2022,False
22.22669206,41.53669275443007,-8.099828895461986,14,2022,False
1.56363347,41.56527259681768,-8.123443170410502,14,2022,False
11.34469906,41.547501277604056,-8.312844713495117,-1,2022,True
1.29018936,41.68074251141306,-8.256588892882544,-1,2022,True
2.82533747,41.68287927690759,-8.483858543276675,-1,2022,True
123.70736537,41.65271427364703,-8.114632247812771,13,2022,False
11.43561857,41.72304794616504,-8.239650470069313,12,2022,False
1.1448188,41.708659605391006,-8.241370194353138,-1,2022,True
72.83759884,41.67974553464502,-8.247515867267893,-1,2022,True
5.49664551,41.482723939676475,-8.035585435626881,14,2022,False
5.50899237,41.72648769310882,-8.394160405372167,12,2022,False
1.30036233,41.61327211556376,-8.214869219382821,-1,2022,True
0.4826989,41.42415553966864,-8.139929194137823,14,2022,False
2.32808726,41.58150979809528,-8.095574174392494,14,2022,False
1.34823224,41.55755162045013,-8.186024041822487,14,2022,False
1.15415458,41.54832270012588,-8.098557952668923,14,2022,False
4.71087689,41.51732406759241,-8.027597962497236,14,2022,False
3.96760586,41.75309981323284,-8.411319916799496,12,2022,False
1.86609192,41.65921050323782,-8.158346652126799,13,2022,False
0.70421717,41.64975750198863,-8.170152434654486,13,2022,False
1.30326705,41.54085582259827,-8.011017413951368,14,2022,False
0.63359011,41.67460601244696,-8.35899098970386,-1,2022,True
1.66922548,41.67526105660409,-7.993632355296656,-1,2022,True
6.86360241,41.54466530734554,-8.01137302272231,14,2022,False
1.12768766,41.38885922960271,-8.4283401739085,-1,2022,True
1.34006636,41.66822050233369,-8.072203795730683,13,2022,False
19.8105434,41.51665902296358,-8.2269861886715,14,2022,False
4.35483601,41.49278416624654,-8.119912009411383,14,2022,False
1.81755766,41.56119316527602,-8.139209142685369,14,2022,False
0.21313502,41.53440000522357,-8.153326150781137,14,2022,False
4.57049165,41.70642097003722,-8.478909938461099,12,2022,False
16.15571267,41.672579216018036,-7.989614591093632,-1,2022,True
4.51127508,41.6699598479138,-8.02131840111225,-1,2022,True
42.29966862,41.75661929025631,-8.309733268804655,12,2022,False
0.31073956,41.49463041425045,-8.160515627205777,14,2022,False
2.78525075,41.73941270166651,-8.29360652832938,12,2022,False
2.42237287,41.692232371095805,-8.03500527304836,-1,2022,True
0.57066194,41.490994085896695,-8.046547392044962,14,2022,False
0.37777404,41.3896867029709,-8.113970528641426,14,2022,False
2.18615181,41.75391253336558,-8.275359527717793,12,2022,False
1.23275091,41.701055189653154,-8.466921508513177,-1,2022,True
2.33200231,41.43753230831549,-8.456971769474196,-1,2022,True
3.35411406,41.606998892786315,-8.20814274788747,-1,2022,True
18.76435789,41.73317800589649,-8.223912851914301,-1,2022,True
0.66063467,41.74017982390349,-8.21009786678492,-1,2022,True
35.85642557,41.732384749863805,-8.34523106014506,12,2022,False
5.86916509,41.59535009060329,-8.194637000225034,-1,2022,True
0.59181656,41.630652047769935,-8.212830585944472,13,2022,False
5.76730756,41.42005599179978,-8.221449499363871,14,2022,False
0.23001674,41.49173050733043,-7.975701766373871,-1,2022,True
1.58164042,41.51063316771537,-8.571580752554475,-1,2022,True
0.36075372,41.43247388685986,-8.223298044570917,14,2022,False
4.57241558,41.606408174765996,-8.275045285905072,-1,2022,True
16.68487892,41.62901281084996,-8.17844498971829,13,2022,False
0.39221249,41.57060074575202,-7.942747701092048,-1,2022,True
2.0566891,41.593350367355676,-7.955656950927939,-1,2022,True
0.29010127,41.3667603047319,-8.072450189935365,14,2022,False
1.5401821,41.51113139485599,-8.505744634306652,-1,2022,True
20.4883788,41.52969745813001,-8.038539305142756,14,2022,False
17.58964539,41.471102307863696,-8.09871818479627,14,2022,False
16.17720909,41.494771489128105,-8.096980409587077,14,2022,False
2.52404188,41.42718679128741,-8.193119189511538,14,2022,False
0.33525872,41.47725699062417,-8.123078008025178,14,2022,False
3.02582384,41.41468190049747,-8.155844121690205,14,2022,False
2.09876116,41.43180759908623,-8.23544453369376,-1,2022,True
0.88047445,41.567049323823525,-8.564749182577152,-1,2022,True
3.5807675,41.42552168622981,-8.138704070691542,14,2022,False
1.23026907,41.69149864523296,-8.034721056903244,-1,2022,True
2.75415189,41.49186141779843,-8.267882195442708,-1,2022,True
0.80465751,41.626154537810926,-8.183976732908702,13,2022,False
0.66787886,41.50657035382819,-8.650450838364888,-1,2022,True
1.14221325,41.627552633161855,-8.108813081087856,13,2022,False
12.85685662,41.41035438894593,-8.010633201451375,14,2022,False
6.28734124,41.44465712353261,-8.07063767701352,14,2022,False
10.72942146,41.73891392650676,-8.297659864899893,12,2022,False
3.04175145,41.465808308105906,-8.121118326204575,14,2022,False
0.20203557,41.50933772486918,-8.130083357181391,14,2022,False
1.94915746,41.6173990429298,-8.594223075510778,-1,2022,True
2.6451876,41.403762683661874,-8.00933372017872,14,2022,False
0.81111412,41.757203320639064,-8.289531167039792,12,2022,False
24.45877432,41.532050335648776,-8.029038217489841,14,2022,False
1.22837954,41.605286474739465,-8.490556795883752,-1,2022,True
6.41322308,41.69502507887652,-8.219459449220775,-1,2022,True
1.2049745,41.679541050067506,-7.984746632206588,-1,2022,True
11.10946779,41.45461437802086,-8.388536654944108,-1,2022,True
0.48894002,41.38790690165429,-8.054270488813934,14,2022,False
4.92558909,41.46940944272675,-8.213871823502835,-1,2022,True
0.59543061,41.35753517642302,-8.32187064648725,-1,2022,True
14.48683397,41.42186280404086,-8.013754721056978,14,2022,False
6.64595347,41.736472774093535,-8.445628086293336,12,2022,False
55.5334831,41.460150780662154,-8.051766335913614,14,2022,False
6.18309063,41.73881860919624,-8.307940985618215,12,2022,False
22.21312529,41.55861296637005,-8.123728758972362,14,2022,False
0.78184204,41.37158694204891,-8.062117563002005,14,2022,False
186.68833947,41.46755357356952,-8.101015857339712,14,2022,False
2.96560249,41.46695065200187,-8.091230436587622,14,2022,False
0.9409104,41.3885519736258,-8.05374682291976,14,2022,False
1.69352175,41.41949202248413,-8.007920063645459,14,2022,False
0.12300213,41.37181715993275,-8.063245346391781,14,2022,False
6.74329918,41.356846842036624,-8.122352129568384,14,2022,False
4.15342413,41.44002569018847,-8.105498678362485,14,2022,False
2.97249677,41.35323064841934,-8.122665208667147,14,2022,False
1.32609371,41.448513974416464,-8.097621943324189,14,2022,False
3.54921114,41.47036807141017,-8.733090275005027,-1,2022,True
10.25873107,41.43347096220074,-8.109458210280657,14,2022,False
0.18032153,41.394826009445886,-8.147699141372843,14,2022,False
0.17245358,41.67502121552081,-8.447799160203482,-1,2022,True
0.74140657,41.43688062567002,-8.114466862045468,14,2022,False
0.86041756,41.448791828570776,-8.099152523695414,14,2022,False
3.72901332,41.65259838375201,-8.234705142398694,13,2022,False
1.33411001,41.52780962019537,-8.220980846642115,14,2022,False
2.91290087,41.560765942334484,-8.253983561791108,14,2022,False
0.31811368,41.45597566274899,-8.104918271904314,14,2022,False
0.72673178,41.524848015701984,-8.191276848206957,14,2022,False
0.03866504,41.44496726821769,-8.108063453483197,14,2022,False
3.01782459,41.63693121724763,-8.11909755458174,13,2022,False
5.55689745,41.55694451293927,-8.251112271581393,14,2022,False
5.62140322,41.61362678883524,-8.527203198612723,-1,2022,True
25.96039037,41.56602544021203,-8.257140607663446,-1,2022,True
1.72324669,41.64693172561477,-8.29470171764866,-1,2022,True
162.56208812,41.448597206472144,-8.43057405222329,-1,2022,True
10.15063041,41.43566592023894,-8.512725159202247,-1,2022,True
20.83720622,41.507030099847164,-8.14146432486517,14,2022,False
37.99806084,41.43050340569098,-8.097193443861848,14,2022,False
1.62338878,41.646992648714246,-8.30096018632051,-1,2022,True
1.84067325,41.62715008907699,-8.480086034021431,-1,2022,True
1.26499823,41.48618080083066,-8.140771309745844,14,2022,False
9.82162936,41.40724415124264,-8.182676652812072,14,2022,False
0.50203636,41.533208510596666,-8.246677967728893,14,2022,False
15.19200624,41.42603630601914,-8.152764022947206,14,2022,False
2.23473043,41.419469039835214,-8.169510501987796,14,2022,False
98.34979894,41.52265334401921,-8.199756359691264,14,2022,False
61.35982486,41.35313509618984,-8.026168707430072,-1,2022,True
4.61897137,41.578524569234524,-8.297845192411856,-1,2022,True
10.15957955,41.44044841466843,-8.032439346834469,14,2022,False
1.12119479,41.5640937320819,-7.831590548413823,-1,2022,True
21.84758232,41.54852199958413,-7.944923203511208,-1,2022,True
11.84922688,41.63990962602391,-8.265405113951367,13,2022,False
2.20006204,41.56475519800356,-8.165021077620402,14,2022,False
0.87100657,41.51579552971458,-8.045539584731308,14,2022,False
0.60513445,41.6502935997875,-8.169638596884367,13,2022,False
0.16936085,41.58917177737459,-8.632979497372657,-1,2022,True
18.76912811,41.470305656185154,-8.011728874642179,14,2022,False
1.28462223,41.53119756969089,-8.354985811410737,-1,2022,True
1.03770546,41.686301370868705,-8.053619413673674,-1,2022,True
139.40023581,41.46682246464274,-7.995613401312212,14,2022,False
7.09364681,41.41270893621917,-8.18039561650935,14,2022,False
0.99987082,41.637400720003086,-8.120653937067559,13,2022,False
1.9526531,41.415089354976544,-8.220744491570725,14,2022,False
0.76114774,41.649694841812334,-8.168756094489819,13,2022,False
8.04210231,41.46243430920827,-8.038205132327752,14,2022,False
0.99479919,41.3853619997981,-8.026545131595912,14,2022,False
2.01374648,41.50517921577442,-8.122300601720864,14,2022,False
4.11705765,41.62793547384128,-8.282863520483781,-1,2022,True
0.71706885,41.50287057380083,-8.08689226682942,14,2022,False
1.60642158,41.7025113131496,-8.497532583267484,-1,2022,True
0.49445853,41.49996804951546,-8.078593933629218,14,2022,False
1.4295981,41.54424347598461,-8.258687473623912,14,2022,False
0.69239396,41.54572655348328,-7.9935865303634905,14,2022,False
18.85087396,41.71469442529472,-8.359563435610411,12,2022,False
1.11270336,41.50895948815905,-8.07841783141881,14,2022,False
0.72860389,41.42799907840122,-8.035899513262539,14,2022,False
10.6939185,41.71947713849037,-8.406847332725564,12,2022,False
5.41126535,41.55967620908569,-8.21165510941939,14,2022,False
2.01307126,41.5266705263533,-8.183670653028704,14,2022,False
10.57045654,41.453475753147295,-8.106196183169168,14,2022,False
0.44288294,41.71967686674041,-8.391057709757531,12,2022,False
0.54980147,41.46862827051156,-8.128552728288177,14,2022,False
3.56504311,41.456493567654555,-8.119288688416532,14,2022,False
0.8927666,41.35959441528876,-8.118289430766486,14,2022,False
59.93231375,41.75708167596329,-8.350104214293856,12,2022,False
82.54577485,41.42218822357976,-8.05141875300653,14,2022,False
8.67537912,41.42891051448614,-8.01733186090043,14,2022,False
0.99437956,41.44005866021026,-8.028772388473486,14,2022,False
3.0004399,41.442498742714,-8.030834605945959,14,2022,False
191.25434566,41.46840492750978,-8.060337983639366,14,2022,False
8.91628821,41.52886944894227,-8.118486337588164,14,2022,False
103.46183097,41.524345563653796,-8.112233238204624,14,2022,False
0.55009695,41.54428742680482,-8.260075807163698,-1,2022,True
129.93543447,41.524498061215915,-8.127075136043462,14,2022,False
0.53567273,41.38776793765252,-8.039745317515884,14,2022,False
75.21260772,41.5320566359903,-8.127919547583021,14,2022,False
14.58336724,41.35903994457102,-8.5841312553075,16,2022,False
53.61728051,41.46443953458794,-8.046126110946076,14,2022,False
1.90771676,41.62686404089687,-8.281258595342859,-1,2022,True
1.70352468,41.437878538534775,-8.104023443683056,14,2022,False
0.75728168,41.421017824368384,-8.008039797501588,14,2022,False
25.35082098,41.471805389385366,-7.99549492840681,-1,2022,True
9.24389063,41.50208624334031,-8.136130053151172,14,2022,False
4.53477889,41.50309549655936,-8.134915180727447,14,2022,False
2.94799616,41.422010262773746,-8.010268669342828,14,2022,False
0.57884888,41.64770514344798,-8.298160954249278,-1,2022,True
2.48855678,41.55365728111038,-8.267644138268706,-1,2022,True
10.56292447,41.47079558901936,-8.078408352017258,14,2022,False
11.14435377,41.55181761120754,-8.242313870884614,14,2022,False
1.67852564,41.517752477718254,-8.415018001330871,-1,2022,True
0.70938634,41.69641325126679,-8.436664609100818,12,2022,False
0.46015489,41.58535254031155,-8.521382515027627,-1,2022,True
0.97023002,41.5936294943406,-8.177494417167468,-1,2022,True
0.96796788,41.54970296010344,-8.242305642483505,14,2022,False
21.87735536,41.509452191546174,-8.08581405600992,14,2022,False
71.9309799,41.41152646140514,-8.003885723439206,14,2022,False
15.95320764,41.43983623832271,-8.437398354200829,-1,2022,True
241.58474244,41.477107718098495,-8.07664791517045,14,2022,False
213.2026882,41.48943544373455,-8.023472064655445,14,2022,False
3.51660449,41.36146168005495,-8.117338710080833,14,2022,False
6.1175372,41.698066880498814,-8.515981861201253,-1,2022,True
4.11096572,41.72883231415767,-8.390722260346877,12,2022,False
32.37034099,41.709440119996444,-8.41855311843579,12,2022,False
8.00891128,41.41339678524172,-8.001893669177798,14,2022,False
74.21498967,41.70735188172311,-8.37953357277901,12,2022,False
45.3014745,41.72054944622884,-8.426411605054735,12,2022,False
215.90902658,41.49955544833716,-8.218236923250478,-1,2022,True
3.36319476,41.42503756012311,-8.169357864475897,14,2022,False
3.48764262,41.37345726479006,-8.065114673791424,14,2022,False
81.1535353,41.7262903365499,-8.398243469755025,12,2022,False
1.51776732,41.556262174718945,-8.077797138653237,14,2022,False
1.54312728,41.56484911415529,-7.833570085478253,-1,2022,True
147.62947841,41.56364821513291,-7.907512111288804,-1,2022,True
2.50225398,41.539036210725534,-7.915294706280501,-1,2022,True
0.32706592,41.41480612412036,-8.026131265944564,14,2022,False
0.28734195,41.36628925667571,-8.067019683147008,14,2022,False
24.87506734,41.5420288500363,-8.071404525884857,14,2022,False
16.38961359,41.44069131181862,-8.440641456117119,-1,2022,True
37.45081398,41.53544929076284,-8.114346489926113,14,2022,False
41.64366529,41.53447067003342,-8.107068243182637,14,2022,False
117.49386512,41.52034098304619,-8.025328771927965,14,2022,False
0.72322371,41.4802550681215,-8.20974715931604,-1,2022,True
6.62728807,41.61549565904411,-8.244830120445885,-1,2022,True
3.78253014,41.52314541508853,-8.157960065158052,14,2022,False
4.57231522,41.56572350525937,-7.950993663913066,-1,2022,True
8.76488027,41.53791759819639,-8.033905854253224,14,2022,False
0.80795829,41.5626592414311,-7.841574988211658,-1,2022,True
25.99278696,41.68940507253548,-8.395150664703518,12,2022,False
34.82859226,41.696547797484335,-8.383336133612312,12,2022,False
0.4026018,41.50086772428458,-8.15151200080057,14,2022,False
2.26966751,41.67612216342027,-8.352749479184256,-1,2022,True
0.62004481,41.55698925112914,-8.114408510514314,14,2022,False
64.74240512,41.75807091044092,-8.303544492738196,12,2022,False
12.20079386,41.58780141423049,-8.062897476219714,-1,2022,True
1.30537479,41.680101761899756,-8.070760512852035,-1,2022,True
0.58916824,41.58922183425354,-8.094058893089043,-1,2022,True
1.10994778,41.355964221267044,-8.062470458791092,14,2022,False
6.25622141,41.64697258638964,-8.164798867809562,13,2022,False
0.60521651,41.55077900540831,-7.932537853187688,-1,2022,True
8.46384868,41.91099378809192,-7.0393078587087095,8,2022,False
0.54551293,41.32788438265533,-6.598081597752423,5,2022,False
3.1903613,41.89464881132818,-6.708406547553507,-1,2022,True
0.88677018,41.34637160034569,-6.60907388025119,5,2022,False
2352.64642177,41.95512962785492,-6.842764357637089,8,2022,False
3.4024396,41.62802380182011,-6.4722351392077,-1,2022,True
2.02374321,41.612745864045834,-7.057205534682137,-1,2022,True
69.27900338,41.928241327537336,-7.01223970220175,8,2022,False
0.86223555,41.18476774671474,-6.7466584217919765,-1,2022,True
1.11258283,41.9087566389758,-6.997313547942443,8,2022,False
1.78390234,41.82656069899867,-6.655374050062718,-1,2022,True
2.29304958,41.90430346785236,-6.99240073657927,8,2022,False
20.77932232,41.96531101530611,-6.790133431847034,-1,2022,True
7.68000419,41.93128641184741,-6.747761660110376,-1,2022,True
0.63965743,41.84099212759768,-6.843902011573153,8,2022,False
0.97481477,41.751734065342944,-7.129745535357716,-1,2022,True
0.57882353,41.696944922466244,-6.811432381187147,-1,2022,True
13.69389077,41.887887847906754,-7.098007039369386,8,2022,False
21.56348056,41.87736187213019,-6.98273601656295,8,2022,False
0.01346381,41.33904818615013,-6.641732126825916,5,2022,False
0.76937974,41.91169713641711,-6.913764214247549,8,2022,False
25.21926481,41.897959478278565,-7.086187614511757,8,2022,False
0.21248413,41.367263534079896,-6.5254326202308714,5,2022,False
16.25844031,41.9121207989867,-7.124714924736254,8,2022,False
4.08880933,41.934630405075545,-7.163497346155947,8,2022,False
30.19949188,41.93581187150298,-7.172803779827529,8,2022,False
0.79311848,41.81058136208769,-6.6019202806948725,-1,2022,True
1.36544915,41.90811098243753,-6.951036873540205,8,2022,False
2.34439166,41.532306567636496,-6.307387422583798,-1,2022,True
12.19255054,41.93879177823781,-7.038222831513471,8,2022,False
0.31451217,41.34873422554894,-6.50214978178989,5,2022,False
3.289114,41.7434150040384,-6.937930578409209,-1,2022,True
12.68850548,41.9233579159095,-7.056250484033187,8,2022,False
0.45372479,41.144122539161565,-7.098091014591416,-1,2022,True
11.69708809,41.22947606756957,-6.702865818213712,5,2022,False
1.02513771,41.04040862396418,-6.819341623871139,-1,2022,True
1.9418525,41.27249861590254,-6.57570157721474,5,2022,False
51.96761933,41.224955475410496,-6.716312052467491,5,2022,False
0.79279683,41.55216410286181,-6.367702887982204,-1,2022,True
0.01234107,41.4756873901577,-7.268268963281186,-1,2022,True
2.11345474,41.557641144662554,-6.2984062171887825,-1,2022,True
1.57900186,41.220748947304706,-7.31833047550151,-1,2022,True
1.39956973,41.92291122098822,-7.037941490980255,8,2022,False
1.91313341,41.890287006092265,-6.9564786896479855,8,2022,False
4.34030834,41.97018543201426,-7.171675721551672,8,2022,False
19.91332209,41.95875555303359,-7.097325343509893,8,2022,False
4.47549846,41.94673746635621,-6.753965600239915,-1,2022,True
0.7094477,41.91295288718893,-7.063143507614053,8,2022,False
1.43017887,41.850134470269666,-6.936267925539157,8,2022,False
1.58639214,41.88056636895547,-6.755378611308787,-1,2022,True
1.33746444,41.42597248196732,-6.920858834996527,-1,2022,True
22.16262969,41.91676912847346,-7.0716441846302605,8,2022,False
2.50011713,41.1824657034316,-6.735853994637432,-1,2022,True
12.18348163,41.45388197289875,-6.379902341085302,-1,2022,True
2.82875876,41.22465549032356,-6.902830283826973,-1,2022,True
34.80475665,41.6660144543547,-6.988384806411155,-1,2022,True
0.71939348,41.15151718523744,-6.784094024211241,-1,2022,True
2.17117452,41.348085693208674,-6.528845623584491,5,2022,False
1.93874787,41.563547757728614,-6.602731717524574,-1,2022,True
4.32915552,41.87838598103064,-6.747535364352569,-1,2022,True
1.07577461,41.40254568513526,-7.17204722873098,-1,2022,True
2.87241715,41.43983349000249,-7.0798754875194705,-1,2022,True
3.71880988,41.84386889679138,-6.658874849437354,-1,2022,True
2.44026808,41.90919796778256,-6.881532836839443,8,2022,False
5.71796567,41.86182872827017,-6.974810943658738,8,2022,False
14.13251834,41.88134538101024,-6.9290047959739764,8,2022,False
0.98264628,41.21824369217284,-6.892681548976738,5,2022,False
2.88439826,41.334832010639666,-6.51088414702774,5,2022,False
12.12419209,41.7753730405505,-7.11448088687032,-1,2022,True
0.83616243,41.469067051474084,-7.263937249483264,-1,2022,True
4.76773454,41.943914932571445,-6.955322495751198,8,2022,False
1.41340437,41.21038362149816,-7.352688254224782,-1,2022,True
1.61552241,41.65458913512672,-6.5054587955451755,-1,2022,True
3.28430807,41.6488864454574,-6.751184107299797,-1,2022,True
0.02957192,41.340109303488155,-6.686023843259874,5,2022,False
101.75620205,41.43058643437918,-6.757537057302614,-1,2022,True
0.01352331,41.372579778947134,-6.586100522564409,5,2022,False
0.49114184,41.610702755347496,-7.129251711673459,-1,2022,True
5.91286563,41.62804978918213,-6.617276372440955,-1,2022,True
10.61432338,41.724850509598824,-7.177725138627195,-1,2022,True
3330.03664972,41.183420528902445,-7.337197041403091,-1,2022,True
8.23332365,41.509163966411585,-7.142227557538783,-1,2022,True
1.14964408,41.23890163650557,-7.040157309703905,-1,2022,True
0.39570835,41.116958773761894,-6.996900063284452,-1,2022,True
3.80696416,41.08256304389495,-6.967387613430271,7,2022,False
2.92844639,41.437059376047976,-6.3772364408117,-1,2022,True
1.32884913,41.30669006448444,-6.6824778790494275,5,2022,False
0.04408328,41.066883861728115,-6.784459795102983,-1,2022,True
0.87227621,41.621695041394794,-7.147343995783529,-1,2022,True
0.09446025,41.3348809868849,-6.609666354699093,5,2022,False
0.78970784,41.27081642576913,-7.069020924863755,-1,2022,True
1.59170009,41.24422575309143,-6.712554779560854,5,2022,False
1409.01584731,41.8598457309166,-6.503394769567366,-1,2022,True
24.43018959,41.41951930178711,-6.396363769873766,-1,2022,True
333.35999534,41.10793348004011,-7.036566025118707,-1,2022,True
0.42848537,41.681855938188704,-6.691398750363374,-1,2022,True
2.09775221,41.52651966902025,-6.893231576175676,-1,2022,True
1.46812334,41.26591120211222,-7.102973809018252,-1,2022,True
0.34844515,41.289113716825135,-6.8115447747922255,5,2022,False
1.88880397,41.89671911244124,-7.057778075494414,8,2022,False
26.99965658,41.73623486556763,-6.560739582452335,-1,2022,True
244.65255091,41.695089686274706,-7.1656132559277514,-1,2022,True
50.31508365,41.409459013858346,-6.3525676885657445,-1,2022,True
3.38936652,41.936722454157206,-6.968738376160861,8,2022,False
52.94279624,41.8205324305268,-6.676281592887533,-1,2022,True
0.26976132,41.187989994055314,-6.750195185249417,-1,2022,True
7.03762261,41.732603401734906,-6.6172845037866015,-1,2022,True
1.41625451,41.27852278160145,-6.609340822107208,5,2022,False
3.26729208,41.10989815720264,-6.996065384198602,-1,2022,True
1.29113281,41.14916583675696,-6.943904946038832,-1,2022,True
3.87422723,41.14906864394543,-6.941109297063313,-1,2022,True
0.14555821,41.36297280022397,-6.762832093762549,5,2022,False
0.97462865,41.42666772053156,-6.842007796427097,-1,2022,True
3.50138729,41.93595659779185,-7.087821079834128,8,2022,False
28.99791372,41.89465498295238,-7.155768282143768,8,2022,False
1.04201299,41.89952812141328,-7.1505134639836605,8,2022,False
445.57179532,41.20347448829136,-7.262711900867955,-1,2022,True
0.48444185,41.955476022779266,-6.985573567789093,8,2022,False
14.1312784,41.21377015176838,-7.264810743440648,-1,2022,True
0.00391457,41.45465830667047,-6.6136325666792715,5,2022,False
0.04876696,41.296435209804585,-6.5404752833960815,5,2022,False
0.71444079,41.30207417189641,-6.6710373890215395,5,2022,False
0.02396247,41.3586136082136,-6.602848600019813,5,2022,False
69.06020811,41.22598042740546,-7.301469176251457,-1,2022,True
9.60644051,41.46212585953578,-6.377234987803476,-1,2022,True
63.86366634,41.36567794092772,-6.648365926868788,5,2022,False
0.53140595,41.92561874536911,-7.159471540609596,8,2022,False
2.43933554,41.838494523463034,-6.847408107334593,8,2022,False
1.12322751,41.82303168435132,-7.020529998492987,8,2022,False
0.75258926,41.64787792939053,-6.736927415551822,-1,2022,True
0.7198324,41.4017674729409,-6.536445720866566,5,2022,False
6.72584407,40.39220594732178,-7.264126510698198,-1,2022,True
36.67491354,40.305479027047085,-7.600037696744016,-1,2022,True
0.37046354,40.043253458269625,-7.012242029433162,-1,2022,True
1.21152196,40.04394663507238,-7.012488095592451,-1,2022,True
29.66073085,40.07180276716954,-7.624381774036828,-1,2022,True
1.34812024,39.81435627637425,-7.455458568024473,-1,2022,True
2.1439713,39.86098303660499,-7.3140753530631955,-1,2022,True
7.40016989,39.735367260560196,-7.3195092412328595,-1,2022,True
1.12364363,40.045470567289456,-7.516016143198144,-1,2022,True
1.00827152,39.60022463995908,-7.821756029302627,-1,2022,True
0.43401366,39.84039735909103,-7.506769921335022,-1,2022,True
25.61658476,40.29706448846468,-7.485140511123284,-1,2022,True
1187.043781,40.19194699087619,-7.441264440422098,-1,2022,True
1.30957246,40.174254797424126,-7.506554800045523,-1,2022,True
36.33509238,39.8563425988758,-7.452162988891,-1,2022,True
7.67485636,39.68342368656099,-7.412455010689514,-1,2022,True
0.63253704,39.88640408218006,-7.34844910657337,-1,2022,True
24462.52478913,40.422129918275104,-7.448117309350331,-1,2022,True
25.82523843,40.1364258025847,-7.444641381561364,-1,2022,True
6.93247908,40.03643375670868,-7.341387199940903,-1,2022,True
8.00252173,39.70195286265636,-8.212912575029785,-1,2022,True
1.25117943,39.832082132709225,-7.462602000049153,-1,2022,True
6.55089302,39.84474228429781,-7.474669508933658,-1,2022,True
3.56523373,39.8379053419781,-7.473546322590565,-1,2022,True
25.79670552,39.87940285948326,-7.1279783445998,-1,2022,True
0.67734745,39.92166628227662,-7.666377544194146,-1,2022,True
3.69447896,40.13251194205495,-8.79840693560516,-1,2022,True
1.00448279,40.192041046135124,-8.113465384442625,-1,2022,True
8.12510609,40.190679732472326,-8.262184020856457,-1,2022,True
1.1702927,40.39525517720196,-8.676928966301153,4,2022,False
1.50060035,40.205945656124044,-8.345246290433654,4,2022,False
6.49090686,40.210857581649236,-8.670787797253386,4,2022,False
38.06508709,40.03771647236851,-8.64983125416684,-1,2022,True
0.14051376,40.214611410428176,-8.884340181593656,-1,2022,True
0.8682369,40.35059777741067,-8.732584590427969,4,2022,False
0.32342571,40.21486091801994,-8.821801036085855,-1,2022,True
2.42453129,40.32576370185394,-8.533690600721535,4,2022,False
2.57840108,40.13289030718219,-8.211994818840868,-1,2022,True
0.56947753,40.30936013799654,-8.65717070696923,4,2022,False
15.90389598,40.48870509931373,-7.834395281514507,9,2022,False
9.71834849,40.16678208977866,-8.275869505728858,-1,2022,True
186.51058273,40.297459670759906,-8.271381540143059,4,2022,False
1.84145009,38.69702960561046,-8.243192501502175,-1,2022,True
1.62817753,40.3027967619424,-8.743252636626403,4,2022,False
3.7680218,40.056579807055634,-8.824407636838767,-1,2022,True
85.53376127,40.0395739101916,-8.120555009930516,-1,2022,True
3.06788268,40.29829578049066,-8.74043894107072,4,2022,False
1.43870819,40.35172098553313,-7.925296589135751,-1,2022,True
64.10887115,40.260910384084816,-8.302978865783869,4,2022,False
6.48803073,40.15900920836009,-8.499619000040212,4,2022,False
1.1396041,40.38990166241546,-8.536701641721127,4,2022,False
1394.40305978,40.429252014931514,-7.823739798693391,9,2022,False
3.45744014,40.14541956468192,-8.257142132248655,-1,2022,True
5.67328483,40.390515890177454,-7.913827517355788,-1,2022,True
0.68202492,40.353703448934894,-8.757415063493786,-1,2022,True
2.39193527,40.350877806741146,-7.920879725742815,-1,2022,True
5.45041175,40.45015232818939,-8.62588161176773,4,2022,False
0.45929748,40.046213200981065,-8.809338746710036,-1,2022,True
0.64200725,40.30941597317621,-8.656477755951995,4,2022,False
0.54097786,38.315849735577686,-7.864293304339283,-1,2022,True
7.21348631,38.86758855715436,-7.669513142423175,-1,2022,True
1.24900601,38.4291914290229,-7.961857997511457,0,2022,False
0.64882538,38.78307007745365,-7.34461273261522,-1,2022,True
1.23393633,38.71868325631048,-7.462410302238844,-1,2022,True
1.25739857,38.53339000928294,-7.771329855136236,0,2022,False
5.79197055,38.59435644137786,-7.7050881370566335,-1,2022,True
13.41694838,38.555656155608084,-7.562848017149784,-1,2022,True
10.42272898,38.633452084329605,-7.866247133889651,0,2022,False
4.09245956,38.48511402390519,-7.998828779236494,0,2022,False
0.4953886,38.38247709679259,-8.206778258470191,-1,2022,True
0.91008583,38.32348743435889,-7.704600607394627,-1,2022,True
1.22846568,38.35903053545222,-7.947054649285296,-1,2022,True
6.81701344,38.53959223015973,-8.523718750721779,-1,2022,True
4.20488455,38.51408528093865,-8.148407766790388,0,2022,False
1.25950228,38.85873605163063,-7.514322650610456,-1,2022,True
3.305415,38.54918673465958,-7.815643022515441,0,2022,False
34.77032492,38.26588512524748,-7.178790095667858,-1,2022,True
2.07307552,38.825724748133034,-7.263624168215633,-1,2022,True
7.79998428,38.55879661843673,-8.313089890352048,-1,2022,True
5.87997954,38.754985429908146,-7.931709163371944,0,2022,False
0.84473131,38.41709001865668,-7.547110017838603,-1,2022,True
0.13133846,38.901397045283325,-7.691561939938995,-1,2022,True
1.60404147,38.63752998962079,-8.209730058317998,0,2022,False
1.927412,38.36046195132868,-7.510019376346107,-1,2022,True
0.65736197,38.640321140317226,-8.000777252176862,0,2022,False
1.03462812,38.552947951175504,-8.183305718722869,0,2022,False
0.96498493,38.54783099454394,-8.170015006555015,0,2022,False
276.33559335,38.60323001722109,-8.501797514326922,0,2022,False
35.77012329,38.71722109694674,-8.032506389660824,-1,2022,True
14.4091497,38.72069176891545,-8.035222954476033,-1,2022,True
1.46817313,38.61181292766632,-8.065430533302402,0,2022,False
2.009751,38.31708007352416,-7.217015627968719,-1,2022,True
0.78541399,38.6772055245482,-7.575588868942077,-1,2022,True
0.5771502,38.70881388590557,-7.949368898883935,0,2022,False
1.01215834,38.38699867903276,-7.333876009770511,-1,2022,True
0.71108737,38.474674661556406,-7.617280843595548,-1,2022,True
2.37277039,38.547836231857445,-7.809212372945201,0,2022,False
1.56677008,38.71038362162966,-8.366084963281423,-1,2022,True
5.92836802,38.523303154511204,-7.411639163833165,-1,2022,True
2.03436787,37.43561441257695,-7.797889805509452,-1,2022,True
2.23280502,37.51389585340739,-7.544872921329195,-1,2022,True
4.58780741,37.18550422729994,-8.11856954032698,-1,2022,True
2.67774593,37.341011791308404,-7.787203196787098,-1,2022,True
3.15587854,37.149070180281,-8.412379857620765,-1,2022,True
1.45738053,37.44361685413859,-7.639722730277512,-1,2022,True
1.11538711,37.10719898347782,-8.014481426209613,-1,2022,True
739.26823806,37.05103777848579,-8.013049592108754,-1,2022,True
0.38434879,37.320692559801756,-8.558418795930397,-1,2022,True
14.02390659,37.082976781183454,-8.098333557655945,-1,2022,True
1.47694143,37.32243727414346,-8.370968646439113,-1,2022,True
1322.16326076,37.389643924095594,-8.290550129748109,-1,2022,True
1.53992082,37.133573425332635,-8.146763521038183,-1,2022,True
2.9978151,37.272386904741204,-7.91378480419401,-1,2022,True
26.33592562,40.97136298001931,-7.316571426193941,-1,2022,True
4.11371817,40.52724929680287,-6.988399129330323,-1,2022,True
49.14750006,40.334440891557584,-6.921857754469393,-1,2022,True
9.4266332,40.32808986592768,-6.918872428295275,-1,2022,True
1.05587609,40.6794034498384,-7.169491334228198,6,2022,False
4.95756605,40.95051660289933,-6.962430475069536,7,2022,False
1.29810783,40.91579020237459,-6.928266473630063,7,2022,False
38.03142501,40.33458355526335,-7.6672430729759045,-1,2022,True
7.08794096,40.722923013230776,-7.374095338174366,-1,2022,True
0.99819548,40.66172136622035,-7.139177090762165,6,2022,False
10.8773761,40.71535604708884,-7.158832089250527,6,2022,False
16.27183934,40.413461858884865,-7.236887504496291,-1,2022,True
1.55099145,40.91253849202521,-7.02245723382593,7,2022,False
4.06249242,40.596510910612515,-7.562420028009571,9,2022,False
2.78748866,41.0748493695473,-7.2584379414674896,-1,2022,True
33.76653084,40.34082431370345,-7.65840865299191,-1,2022,True
1.34347316,40.40775690486248,-6.932688529940965,-1,2022,True
21.50909429,40.53263369692775,-6.972840765922164,-1,2022,True
1.91831262,40.5384660746102,-6.848799709396319,-1,2022,True
5.43161323,40.98592142816678,-7.159764235422129,7,2022,False
4.510462,40.99270377094962,-7.0648633499889755,7,2022,False
10.37788649,40.53733508766055,-7.360390023631926,-1,2022,True
3.82834516,40.355990619279076,-7.176382834182488,-1,2022,True
10.34898612,40.80529994682148,-7.2443987533764815,-1,2022,True
8.13276442,40.80352213586729,-7.245955626060184,-1,2022,True
5.47792189,40.797236751431704,-6.99151962028478,6,2022,False
11.80897836,40.917848194411405,-7.322987515762374,-1,2022,True
1.62499849,40.43739787548549,-7.293065350954113,6,2022,False
2.95370719,40.43217438528522,-7.708280101561775,-1,2022,True
102.79612693,40.57836574462123,-7.023814519668327,-1,2022,True
1.4152293,40.86591112649225,-6.904023574679969,7,2022,False
722.38228199,40.589505440638575,-7.1840130059413,6,2022,False
746.05088836,40.401155158985745,-7.307707639171411,-1,2022,True
2.39482371,40.723373737259436,-7.288724468700748,6,2022,False
0.19538554,40.72405503998162,-7.288989508112292,6,2022,False
6.6053186,40.704601983195445,-7.287130834122746,6,2022,False
81.91762583,40.98222782165522,-6.916796619196055,7,2022,False
2.20696386,40.64734118346971,-7.013896530898884,6,2022,False
30.36062968,40.99100658109408,-7.015693987917966,7,2022,False
11.76254733,41.080894837469096,-7.113850612120591,-1,2022,True
523.74893932,40.43662701466354,-7.791747388962557,9,2022,False
38.16976788,40.63700074233848,-7.252161402917828,6,2022,False
332.52244481,40.72384986691082,-7.096904274448711,-1,2022,True
10.70347634,40.77077383064706,-7.04014629882593,-1,2022,True
642.30313932,40.57116485135892,-7.269316293883496,6,2022,False
2.82959025,40.469343163799714,-6.942046372672034,-1,2022,True
7.02327663,40.30085174222384,-7.159412878269934,-1,2022,True
12.02051133,40.889475486646724,-7.1431881862733375,7,2022,False
1.3951327,40.658471473238606,-7.185539645935643,6,2022,False
269.23862116,40.38274856893515,-7.246074442183588,-1,2022,True
0.11683834,40.47564244541664,-7.695584242284868,9,2022,False
157.30224819,40.97881344726692,-7.042806660580278,7,2022,False
66.82109935,40.56378016247926,-7.2920986774943675,6,2022,False
5.14924128,40.479506256065406,-7.161018189582426,6,2022,False
2.50201946,40.51320246864412,-7.554975476287318,9,2022,False
5.95363927,40.603178439002384,-7.195165839905204,6,2022,False
4.1636474,40.51229274336086,-7.092651614024226,-1,2022,True
45.82271049,40.60987199941508,-7.276728681173276,6,2022,False
41.57041316,40.5572701865042,-7.144795088314496,6,2022,False
2.05223164,40.6109096757265,-7.495387933735011,-1,2022,True
56.65176506,40.67138216163664,-7.166086043286944,6,2022,False
1.17151596,40.871681978378355,-6.893064877475101,7,2022,False
763.01605231,40.58307991364726,-7.324599341774382,-1,2022,True
4.08426735,40.39394388792703,-7.251026883566404,-1,2022,True
1.20054073,40.63559971171994,-7.5160695193759555,-1,2022,True
26.59279645,40.68097016403205,-7.077304910724008,6,2022,False
48.91183138,40.549943957711626,-7.141141772380871,6,2022,False
583.28513547,40.499244167930094,-7.5621074977787215,-1,2022,True
18.01720009,40.899296934795146,-6.929520309805796,7,2022,False
49.5830646,40.461058947399486,-7.703293862543287,9,2022,False
2.48075222,40.94379774480845,-7.270719878520677,-1,2022,True
1.2615937,40.76340217562245,-7.430350727423426,-1,2022,True
17.97731516,40.75146076029531,-7.433340660233223,-1,2022,True
395.80265867,40.319480105355495,-7.227684624415117,-1,2022,True
0.99729915,40.893919145167715,-7.0413866706813915,7,2022,False
75.94387843,40.32795016020498,-7.658484348739235,-1,2022,True
1.02700413,41.04045063738679,-7.198787118523576,-1,2022,True
2.26150099,40.761375633221256,-6.960751992103408,-1,2022,True
4.46340552,40.76076479362291,-6.958628794983724,-1,2022,True
1.79043814,40.355096098674665,-7.240546450655656,-1,2022,True
8.0358797,40.881603991777425,-6.837712484022529,-1,2022,True
1.18577872,40.88268574234769,-6.840392174349043,-1,2022,True
2.20152015,40.46632575561046,-7.205759316054874,6,2022,False
55.83877286,40.94329302303282,-6.981035968347081,7,2022,False
1.36337515,40.88015381271894,-6.839129916213939,-1,2022,True
10.60006448,40.52800243824505,-7.335499459081926,-1,2022,True
53.04292197,40.91306900380763,-6.934876169342052,7,2022,False
16.15739468,40.92143069144121,-7.014999632014344,7,2022,False
18.06527695,40.93975804610495,-6.977739105909331,7,2022,False
4.16454615,40.939144778951025,-7.0438020731560265,7,2022,False
1.11279161,39.878507505607566,-8.896468264034278,-1,2022,True
6.30242489,39.48781150391843,-8.892117573878874,-1,2022,True
2.78818714,39.68970574159043,-8.766305851474785,2,2022,False
1.881621,39.83114763346608,-8.315901632241323,-1,2022,True
1.13463253,39.514101723022506,-8.923161875796989,-1,2022,True
3.48578671,39.72420177167406,-8.670198941900125,2,2022,False
5.07398756,40.02585869669403,-8.678268878567206,-1,2022,True
21.40872838,39.80369779271804,-8.320180833846873,-1,2022,True
2.48485798,39.793145152810865,-8.600923982046769,2,2022,False
36.39953681,39.70743559089954,-8.903003194480906,-1,2022,True
5194.69943512,39.872876245787154,-8.472679458979146,-1,2022,True
1.383917,40.04970234302832,-8.195414038280118,-1,2022,True
0.02558748,40.04886463281102,-8.19520070472989,-1,2022,True
2694.07661555,39.7984739487887,-8.695972038210545,2,2022,False
254.71432401,39.92316788061988,-8.575060869554443,-1,2022,True
1.15787797,39.75262039468874,-8.683270623519757,2,2022,False
28.53365474,39.86128367256001,-8.714580073844976,2,2022,False
11.29104161,39.832999377038334,-8.684698021577166,2,2022,False
2.64260475,39.341651004432656,-9.174557160612347,1,2022,False
13.407667,39.8575216114833,-8.636745319476995,2,2022,False
43.87964889,39.76249354822015,-8.677421474842768,2,2022,False
0.23955636,40.040617549415366,-8.154324744548385,-1,2022,True
1.00526739,39.68412782189318,-8.76601947310633,2,2022,False
614.51927537,39.283358311376965,-8.974500048075916,1,2022,False
39.03945731,39.76612988952651,-8.840220589129888,2,2022,False
2.48465652,39.59100947320136,-8.87020324401642,-1,2022,True
0.61379204,39.1193000585355,-9.314245957301951,1,2022,False
1.50631995,39.034860367183995,-9.20781248325596,1,2022,False
3.62349302,39.10207404776018,-9.216033474229992,1,2022,False
0.51399877,39.005291199133765,-9.333084409465629,1,2022,False
1.839211,39.06900614551841,-9.16366553996217,1,2022,False
2.31616595,38.82622980791615,-9.211447573332903,1,2022,False
0.03062999,38.93628501419198,-9.364697435901217,1,2022,False
1.72758415,38.980008416984035,-9.23835667475763,1,2022,False
0.62144352,39.02771795627267,-9.229279243009362,1,2022,False
0.65883658,39.213092415231365,-9.068765531492202,1,2022,False
1.1688676,39.03624958852891,-9.197542431874195,1,2022,False
0.93428129,39.10368340544231,-9.241765650254756,1,2022,False
25.3126511,38.83612010647651,-9.32566279533901,1,2022,False
0.45521909,39.007355825353095,-9.210517757780893,1,2022,False
1.05613991,38.91654082650514,-9.281224689921075,1,2022,False
4.15241665,39.0414117750054,-9.17246590797215,1,2022,False
35.4561699,38.75402577717999,-9.323653544443342,1,2022,False
0.14915003,39.1771724707866,-9.323819220278592,1,2022,False
0.42328903,39.16928214070535,-9.259012517487992,1,2022,False
0.43266746,39.165707680967515,-9.25789389902133,1,2022,False
2.14963559,38.94905036867432,-8.996443198968521,1,2022,False
1.61982609,39.04022559178787,-9.191363164921738,1,2022,False
21.69449029,38.95115503799879,-9.181948771899648,1,2022,False
0.11799593,39.05190696662827,-9.166326065662227,1,2022,False
20.08783838,38.94612870658255,-9.110439515750613,1,2022,False
12.32174153,38.85853716582739,-9.296347493693293,1,2022,False
32.90681904,38.8145227329598,-9.240430589022349,1,2022,False
0.3391411,38.887655270209926,-9.319625395756496,1,2022,False
0.42930854,39.00377222760332,-9.28242148616461,1,2022,False
0.13629525,38.95279186256647,-9.179898758120267,1,2022,False
0.45098944,39.047768522019005,-9.175949580871293,1,2022,False
0.21434388,39.03654016812691,-9.169045430212826,1,2022,False
0.036934,39.181304166454055,-9.174916336412918,1,2022,False
0.3869501,39.23043312683212,-9.102987569057762,1,2022,False
0.18909297,39.04293871059761,-9.173594021604169,1,2022,False
0.47671481,39.101092582950585,-9.16682930556335,1,2022,False
0.21947382,38.832209710498404,-9.159323765424777,1,2022,False
0.0634811,39.03852497268972,-9.131673086367078,1,2022,False
2.28684833,39.165843982836485,-9.259873540333498,1,2022,False
0.75107188,38.921191186307254,-9.31352653982701,1,2022,False
299.37021582,38.913812757552556,-9.247487609215224,1,2022,False
11.04312884,39.11482392197483,-9.015379088811143,1,2022,False
0.80975346,38.824456709506244,-9.18108813395631,1,2022,False
0.6747857,39.021958264133424,-9.173334694716186,1,2022,False
0.69046638,38.82017480324401,-9.180188623750118,1,2022,False
23.24800707,38.86309274812231,-9.18477074976154,1,2022,False
0.75466132,39.017311543617154,-9.223432289136488,1,2022,False
5.67375661,38.97817552990186,-9.005887689062396,1,2022,False
206.15824893,39.10602069406846,-9.037074998079659,1,2022,False
0.02365987,39.14203881533878,-9.207601415281847,1,2022,False
0.5131214,39.050914685040944,-9.184263857348448,1,2022,False
0.10618242,38.95634482228919,-9.172638975253944,1,2022,False
1.00791209,38.805824794628535,-9.17297671079755,1,2022,False
0.99925303,38.89887719082738,-9.298948049971328,1,2022,False
0.25711579,39.14631979752404,-9.242934901138046,1,2022,False
0.10873044,39.119720002975534,-9.195275625127978,1,2022,False
0.3404577,39.27441169634403,-9.058037236922148,1,2022,False
0.0245485,39.141057031570924,-9.206480446575943,1,2022,False
0.17932614,39.13793489507351,-9.23039684793117,1,2022,False
0.15909019,38.90266994236142,-9.276768807132388,1,2022,False
0.14326056,38.97754603122018,-9.389507070619493,1,2022,False
0.38468766,39.162255412964704,-9.188650707265134,1,2022,False
1.57734643,38.860260630273686,-9.2030791924625,1,2022,False
12.47218321,39.00551660473236,-7.498882583285233,-1,2022,True
11.94074707,39.024166085792686,-7.72398854952643,-1,2022,True
0.36281308,39.352699711797634,-7.542866224092104,-1,2022,True
0.68460247,39.22702138821233,-7.73116319820853,-1,2022,True
35.73373454,38.87153433071329,-7.044119784613544,-1,2022,True
0.79508347,39.06000025408218,-7.944914192178488,-1,2022,True
2.33840011,38.994854670106776,-7.859184514490314,-1,2022,True
5.90446601,39.11421258647139,-7.620738125199426,-1,2022,True
68.258938,38.9753867765972,-7.774744867542249,-1,2022,True
4.04084832,39.35174812514989,-7.657053959103621,-1,2022,True
20.69314165,39.16008697655208,-7.766315379168735,-1,2022,True
0.90642475,39.067654188869135,-8.1921991025175,-1,2022,True
10.77958883,38.94463161756003,-7.0202014746148995,-1,2022,True
19.76585672,39.55248532145395,-7.6478861101994315,-1,2022,True
6.56492188,38.85613473922063,-7.299093327028243,-1,2022,True
5.54641403,41.13060892625688,-8.25401304543114,17,2022,False
8.29726415,41.34536564970181,-8.279570681145552,-1,2022,True
1.44604569,41.328922833388546,-8.290809678247653,-1,2022,True
1.43948495,41.17375029194703,-8.247325704921643,17,2022,False
0.51755762,41.17798014969244,-8.492606956905474,-1,2022,True
1.76483563,41.19544286482607,-8.250199844676967,17,2022,False
1.23328053,41.18760442880675,-8.229115019861624,17,2022,False
11.76483172,41.096790126343436,-8.158681570237079,-1,2022,True
0.91220545,41.27437813761358,-8.216245998738144,-1,2022,True
7.69350005,41.095873807259494,-8.153419390672308,-1,2022,True
0.70638264,41.195438165288756,-8.270698504725654,17,2022,False
0.30021335,41.296583519240166,-8.575129063838016,16,2022,False
13.89152059,41.10380392490009,-8.143275825716678,-1,2022,True
0.10977002,41.29592122471667,-8.509929721182878,16,2022,False
0.88346787,41.17447890298177,-8.290626561591534,17,2022,False
0.97325545,41.078299472831176,-8.242496776551107,-1,2022,True
1.42063322,41.123441827059274,-8.53937702730618,-1,2022,True
4.01426311,41.132395522697585,-8.000447530962255,-1,2022,True
0.57779166,41.23983383908836,-8.404041526970465,-1,2022,True
7.75169675,41.35936913872949,-8.247821565477103,14,2022,False
2.5742898,41.39510373437546,-8.214353401652717,14,2022,False
0.81855462,41.16150621381781,-8.170005742149447,-1,2022,True
2.96722033,41.275490692024576,-8.215336906166781,-1,2022,True
2.87323468,41.23766705561849,-8.217261974638252,17,2022,False
7.25763495,41.29601325820841,-8.583416360550295,16,2022,False
3.3015099,41.36354734312851,-8.236699021880366,14,2022,False
11.54357135,41.138325156147644,-8.098664127194853,-1,2022,True
12.19852028,41.24238863045659,-8.429293794830185,16,2022,False
0.49894294,41.354808658965865,-8.19162225467843,14,2022,False
4.37725564,41.33651596301127,-8.257628537178899,-1,2022,True
0.9524503,41.1565040285167,-8.226786208655986,17,2022,False
0.92687307,41.226324119066845,-8.206430099883113,17,2022,False
4.82676289,41.40474795902374,-8.182435504258734,14,2022,False
0.7569433,41.348432540546064,-8.197999195547869,14,2022,False
2.24582771,41.22222967104539,-8.2501279169272,17,2022,False
0.39934045,41.31521834474531,-8.603196640420153,16,2022,False
5.72243087,41.11029550803476,-8.195875255625666,-1,2022,True
1.43123922,41.21842207343475,-8.271328872879197,17,2022,False
0.61039971,41.23610008318375,-8.459206234579945,-1,2022,True
0.77604916,41.18705370862103,-8.416063484861077,18,2022,False
0.15559972,41.31503981617401,-8.602602123646145,16,2022,False
0.74607532,41.091478731500274,-8.353641099083722,18,2022,False
1.04134505,41.227620207388654,-8.224344908318018,17,2022,False
2.71161012,41.19957740866241,-8.181709120209941,17,2022,False
2.13205965,41.31692451708589,-8.398697609178488,-1,2022,True
2.06542466,41.21561161370122,-8.100758790366909,-1,2022,True
0.7101006,41.28721554301137,-8.535414251579757,16,2022,False
0.7800291,41.13879132827146,-8.336634062722712,-1,2022,True
1.3772709,41.04453251756378,-8.499408936229473,-1,2022,True
1.87352468,41.21078428559213,-8.443923311137214,-1,2022,True
11.32467085,41.16684938024515,-8.280914895078709,17,2022,False
1.26834032,41.335627140663384,-8.272664303908588,-1,2022,True
23.75574416,41.02148393144491,-8.49601180701427,-1,2022,True
0.53253595,41.20307425669411,-8.257766575111221,17,2022,False
0.37614964,41.346472323929945,-8.727648574941604,-1,2022,True
2.03991784,41.18381899994497,-8.089318728515238,-1,2022,True
48.35192227,41.168537747098505,-8.204459776216536,17,2022,False
3.55520302,41.2044448771152,-8.222508632563038,17,2022,False
1.33914181,41.10260461688477,-8.052643038812242,-1,2022,True
2.16383485,41.34497931286641,-8.141023866361879,-1,2022,True
0.98735461,41.311121907646566,-8.569132271965684,16,2022,False
2.3803143,41.325113679991304,-8.261814447035615,-1,2022,True
0.50422607,41.32546819915636,-8.264536641394239,-1,2022,True
0.72545226,41.3755629515377,-8.194177589155851,14,2022,False
0.12786497,41.30729793997188,-8.571834871222416,16,2022,False
1.18458319,41.295668164760485,-8.569504190585985,16,2022,False
4.75000752,41.32151066200109,-8.40443514226518,-1,2022,True
1.30676331,41.2106811316831,-8.40242018935121,18,2022,False
1.26705972,41.16211492656442,-8.04695688160022,-1,2022,True
10.81803051,41.319187072398336,-8.385671359474989,-1,2022,True
0.84862538,41.2188070150522,-8.386578742546579,-1,2022,True
0.57548029,41.29801997146629,-8.379909150875417,-1,2022,True
4.30684162,41.34158030215978,-8.27530634473155,-1,2022,True
15.6220083,41.41650272938229,-8.687226487485285,-1,2022,True
0.57982795,41.13331592774524,-8.322762459748443,18,2022,False
1.40622839,41.17049451148812,-8.084538004049653,-1,2022,True
2.72955002,41.23812200920929,-8.095710865747517,-1,2022,True
1.99738105,41.15852998788015,-7.960632781649254,-1,2022,True
3.14447444,41.39248101222163,-8.185848476042533,14,2022,False
0.42227359,41.304438163624795,-8.464220671317896,16,2022,False
15.68094762,41.43353520600554,-8.737650739189615,-1,2022,True
1.03698305,41.37739669987331,-8.185751951738245,14,2022,False
17.09020756,41.34808450928764,-8.6437610152112,16,2022,False
59.9181515,41.32890233747028,-8.513850116922367,16,2022,False
0.83648092,41.15670619858619,-8.273539182830774,17,2022,False
0.74028368,41.17756516835385,-8.262578153528622,17,2022,False
0.58283105,41.203591937090906,-8.257501695803134,17,2022,False
1.44611712,41.29888485881155,-8.330823448484985,-1,2022,True
0.62878072,41.39512076544036,-8.204550495621813,14,2022,False
1.33957875,41.05795210971703,-8.34975186216486,-1,2022,True
0.03087055,41.30671691818639,-8.54718412510036,16,2022,False
0.24386684,41.30672309727622,-8.567177243165471,16,2022,False
1.35556564,41.159660807738184,-8.272544951393884,17,2022,False
0.45850498,41.31161852986869,-8.575390591633541,16,2022,False
0.72098119,41.15627632390502,-8.424249265619236,18,2022,False
0.56881828,41.2086635155589,-8.251075896207356,17,2022,False
14.36994911,41.324044545259795,-8.45356156615926,-1,2022,True
12.01170679,41.30060608513895,-8.501359337196847,16,2022,False
7.18332123,41.16226866641135,-7.958686109955284,-1,2022,True
11.82391746,41.19584045618384,-8.024434992146654,-1,2022,True
0.53759176,41.24652671151374,-8.159722581392128,-1,2022,True
10.06727074,41.26986932633202,-8.497011574858108,16,2022,False
4.30654291,41.24467569158188,-8.578769654074355,-1,2022,True
0.90070275,41.18349535552764,-8.27547026410475,17,2022,False
18.48481441,41.24087558498581,-8.575578785388176,-1,2022,True
1.0378045,41.41059355203592,-8.6743084200898,-1,2022,True
3.40454485,41.15640004293451,-8.425858704381326,18,2022,False
0.04425474,41.325886698417854,-8.59245420149631,16,2022,False
1.40078977,41.076570033457294,-8.32221482742592,-1,2022,True
1.95014214,41.11529439285257,-8.236051767170963,-1,2022,True
0.22845356,41.29213898414812,-8.58439753469723,16,2022,False
0.019865,41.307343058449604,-8.568619035179118,16,2022,False
0.46523547,41.3126486435476,-8.553740716914971,16,2022,False
0.20850034,41.29726309154814,-8.568622584344924,16,2022,False
0.99551623,41.306974800177635,-8.551321484805465,16,2022,False
0.20177805,41.30458254439892,-8.555004372861303,16,2022,False
0.05602054,41.328107384546854,-8.60031346887496,16,2022,False
0.18838165,41.29224522997971,-8.510032618404189,16,2022,False
0.91988013,41.11352154846147,-8.280887212660964,-1,2022,True
0.08759919,41.297868888534694,-8.559966440834295,16,2022,False
1.91300239,41.23953538639369,-8.45764656454727,-1,2022,True
1.36167702,41.31726447767798,-8.624459342094239,16,2022,False
4.1900323,41.32542749477273,-8.539260532471092,16,2022,False
1.87653936,41.21743363946302,-8.401433383465871,18,2022,False
1.3136692,41.20704080294849,-8.205341935342286,17,2022,False
1.77374928,41.30937230119571,-8.551771542734597,16,2022,False
0.02374954,41.32991024059124,-8.629872496833519,16,2022,False
1.15246126,41.10151071033917,-8.04655648142315,-1,2022,True
0.92775555,41.12985099220141,-8.247070867327299,17,2022,False
1.23969096,41.346932373526066,-8.166555536381258,14,2022,False
2.37934673,41.36995248114414,-8.152744344652133,14,2022,False
0.49914172,41.154170064962464,-8.571776596791578,-1,2022,True
2.60679301,41.21943473235192,-8.521117409304043,-1,2022,True
2.00938813,41.3153510641607,-8.529272549565503,16,2022,False
0.12459978,41.32576354324513,-8.541576255997146,16,2022,False
1.18142582,41.079006608575064,-8.515963989182914,-1,2022,True
0.58678572,41.228387812524,-8.429915049851845,18,2022,False
1.1408249,41.15370335283138,-8.525670185628368,-1,2022,True
0.65943922,41.054585492181175,-8.52440166788319,-1,2022,True
9.1304094,41.29442203844323,-8.531010178675192,16,2022,False
4.46190923,41.264286544902156,-8.486817378604647,16,2022,False
3.50486314,41.26413295608452,-8.580150310024342,16,2022,False
0.10376924,41.29583307391995,-8.553436849329666,16,2022,False
64.47874519,41.10964136742769,-8.312846586705906,18,2022,False
0.39862668,41.323108887125215,-8.548458932703664,16,2022,False
162.54291406,41.110266233600186,-8.084893897657572,-1,2022,True
9.11451305,41.19825486268155,-7.940341377003424,-1,2022,True
2.42087632,41.29661205222679,-8.555190526711735,16,2022,False
29.92824984,41.14496257625818,-7.9328509813896995,-1,2022,True
0.46053576,41.0949082459021,-8.491324131412375,-1,2022,True
1.84128382,41.155339373708166,-8.213140231576565,17,2022,False
2.82306673,41.18748734401643,-8.231289734656443,17,2022,False
0.00996485,41.29738660479189,-8.56820990972504,16,2022,False
4.27946967,41.2338608875777,-8.49980393708413,-1,2022,True
4.12218326,41.0496732807287,-8.45958523334838,-1,2022,True
0.13794314,41.330158272590715,-8.594898280166005,16,2022,False
6.56538936,41.297156661414455,-8.192648257693754,-1,2022,True
4.28192323,41.32019922823148,-8.530324045876272,16,2022,False
3.75180195,41.11810692322205,-8.36852456883507,18,2022,False
0.53393326,41.237125248159465,-8.549551443209529,-1,2022,True
1301.55738664,41.215374697450414,-7.946307102846434,-1,2022,True
1.11750263,41.10286574363163,-8.13370336577483,-1,2022,True
279.41745142,41.20703591853515,-8.231656668252464,17,2022,False
0.88224279,41.291013466390204,-8.595600407618003,16,2022,False
0.21129257,41.137722468370825,-8.497661987155343,18,2022,False
347.04921376,41.11251663951593,-8.043212916616362,-1,2022,True
0.48878322,41.268400182215096,-8.216669829140084,-1,2022,True
2.50370239,41.21478962265582,-8.47555890178945,-1,2022,True
1.19702844,41.309570109087076,-8.21157029769129,-1,2022,True
9.39496507,41.33557362175953,-8.624228728323928,16,2022,False
0.13657297,41.29790374142686,-8.55556205599351,16,2022,False
2.74790161,41.05867319301926,-8.422754992816985,-1,2022,True
0.60076354,41.203956433327654,-8.411378669213207,-1,2022,True
1.77062691,41.1945907946496,-8.392264238388526,18,2022,False
4.3064443,41.251981620640215,-8.600759150765318,-1,2022,True
5.64699496,41.311884237440424,-8.53921940051977,16,2022,False
0.56475438,41.151525062557,-8.440436458368216,18,2022,False
0.47841858,41.28779183788751,-8.594698735920383,16,2022,False
391.96294336,41.22812340356843,-7.902336002945046,-1,2022,True
5.0075688,41.1039309638239,-8.027186186577593,-1,2022,True
1.44193261,41.154894469886266,-8.425907870359229,18,2022,False
25.04904081,41.09735219958275,-8.316765766586647,18,2022,False
49.70967374,41.16165684035632,-8.247892440994073,17,2022,False
0.04968033,41.32993458232897,-8.59423592727617,16,2022,False
81.66685718,41.143606594000296,-8.404286256812709,18,2022,False
43.92155869,41.10159368598335,-8.311562257561427,18,2022,False
0.02343632,41.33005792054523,-8.594598383487098,16,2022,False
0.62694828,41.333978383028956,-8.678591811895515,-1,2022,True
0.56316974,41.288890269474166,-8.560830844138385,16,2022,False
10.97182476,41.18411654063371,-8.2295486032808,17,2022,False
0.56803619,41.31710938121876,-8.342194283775854,-1,2022,True
1.61503481,41.25204498220391,-8.380770091547623,-1,2022,True
2.10510814,41.27516141091334,-8.134246555322768,-1,2022,True
0.04033376,41.31118518273901,-8.575539031446345,16,2022,False
0.05053695,41.316294342448316,-8.589222111824762,16,2022,False
0.06524953,41.30925735398085,-8.545790463125993,16,2022,False
32.7701331,41.250105348838034,-7.88979212290312,-1,2022,True
0.33475317,41.3167599643921,-8.589490975599196,16,2022,False
6.9334422,41.1309815485157,-8.555206053705668,-1,2022,True
3.197348,41.092054287106855,-8.139933754298113,-1,2022,True
0.07329611,41.323261962852214,-8.540396859752267,16,2022,False
0.6034015,41.2934230601338,-8.511504671071169,16,2022,False
186.24710619,41.304384659184414,-8.49892403154662,16,2022,False
2.68392573,41.228333760986594,-8.522774074494492,-1,2022,True
0.06327509,41.282912537822796,-8.53805591675983,16,2022,False
0.47169638,41.29525508030439,-8.571721842882276,16,2022,False
7.93664594,41.12767091837494,-8.01826595058206,-1,2022,True
0.0426884,41.33100998522957,-8.535334462065657,16,2022,False
8.5143578,41.25746917035855,-8.132941127924688,-1,2022,True
0.02411389,41.304498659406086,-8.554273322768957,16,2022,False
13.03875379,41.16436702206511,-7.904868873639026,-1,2022,True
1.157325,41.27687586331871,-8.2240770763933,-1,2022,True
1.06299718,41.128816606860845,-8.556347355470292,-1,2022,True
0.3124968,41.079018548614215,-8.515128931575394,-1,2022,True
0.92626138,41.23817528622661,-8.360204663147615,-1,2022,True
50.73074151,41.07652271023578,-8.506140891963385,-1,2022,True
4.01451404,41.325530705057695,-8.111492054481008,-1,2022,True
7.19430529,41.107282964495795,-8.15238569758429,-1,2022,True
94.69578487,41.298924651147004,-8.413526345229945,-1,2022,True
1.32017345,41.226768168431065,-8.194032153277131,17,2022,False
134.27118772,41.28831869588397,-8.000275192682926,-1,2022,True
6.63391432,41.14643894228868,-8.417759523956475,18,2022,False
2.20286175,41.07574866481214,-8.320849896969905,-1,2022,True
12.13724729,41.26088037676794,-8.19661826698274,-1,2022,True
0.79547692,41.21106047335088,-8.210539782058683,17,2022,False
31.78512352,41.19079427173548,-8.281847620231103,17,2022,False
108.36225157,41.09812272925041,-8.132985523515117,-1,2022,True
9.23624647,41.1277095758847,-8.250980630145792,17,2022,False
2.55954505,41.26489996230265,-8.008661071009897,-1,2022,True
16.57167735,41.17856199266512,-8.313801337847979,-1,2022,True
11.77855986,41.07485522805906,-8.497065648261955,18,2022,False
1.05003588,41.267496704557516,-7.982905586154422,-1,2022,True
0.81100641,41.356002147757074,-8.203702817692598,14,2022,False
0.58315606,41.10535017148048,-8.474933417477743,18,2022,False
3.17968905,41.137499151498574,-8.26164427361281,17,2022,False
0.59663218,41.15185831711923,-8.105406299242158,-1,2022,True
3.70498263,41.147542512897694,-8.458653340516964,18,2022,False
6.7240301,41.129994952232636,-8.440335572708127,18,2022,False
1.52853217,41.29681972285888,-8.320931245884967,-1,2022,True
8.52858752,41.22547077709531,-7.949708889378776,-1,2022,True
1.14151822,41.13132300928656,-8.437043653279133,18,2022,False
1.00719912,41.230669699432944,-8.081756334007396,-1,2022,True
8.42667921,41.308057037211306,-8.451861761105471,16,2022,False
0.76099036,41.13197485701864,-8.437230831058498,18,2022,False
19.88417619,41.11278798920921,-8.388904140538724,-1,2022,True
1.82249217,41.39622449780217,-8.176683318731337,14,2022,False
2.76096832,41.18414795752856,-8.259787739966706,17,2022,False
2.33865373,41.09988293754054,-8.325810332358566,18,2022,False
11.66280348,41.39130274630295,-8.210017590118763,14,2022,False
1.59812236,41.26256573847153,-8.561610754455268,16,2022,False
4.30978643,41.196690474627026,-8.217593402944088,17,2022,False
14.19203462,41.177035015611125,-7.947462694961086,-1,2022,True
40.20806358,41.17165396770718,-7.945323972182988,-1,2022,True
56.1598861,41.27798218824673,-8.137205878515296,-1,2022,True
8.20129899,41.11025978155048,-8.385809404509956,-1,2022,True
0.01027946,41.331137737620466,-8.5355103685019,16,2022,False
15.37175032,41.2054889212562,-8.404360189410076,-1,2022,True
5.05326754,41.11945822253313,-8.006506617165487,-1,2022,True
0.03330462,41.33102825513927,-8.535804082505303,16,2022,False
22.03286196,41.271645179914444,-8.144094680461196,-1,2022,True
13.60130993,41.139362336812056,-7.966222002151533,-1,2022,True
1.18712416,41.34159039659208,-8.294483837963076,14,2022,False
1.26729133,41.056852478778495,-8.51420240487999,18,2022,False
1.50673078,41.106740171532664,-8.257871464037986,-1,2022,True
1.63463808,41.357489053947376,-8.138151816039052,14,2022,False
1.3849376,41.129674347777886,-8.43530554690241,18,2022,False
2.25076696,41.23179296100127,-8.280705083542097,-1,2022,True
154.51527824,41.07499630202918,-8.343576467315183,-1,2022,True
1.20262036,41.338188780751246,-8.409264135113263,-1,2022,True
15.13086163,41.19810096573124,-8.202699253267909,17,2022,False
0.44269425,41.323353486200894,-8.603128086421624,16,2022,False
0.30808023,41.358527311645226,-8.147422115174994,14,2022,False
98.52529008,41.30076599096649,-8.514605687594491,16,2022,False
2.66566041,41.21964046581714,-8.078810595264905,-1,2022,True
11.61842007,41.27779305162579,-8.297363553605956,-1,2022,True
130.50400476,41.142835393135854,-8.415823362646922,18,2022,False
43.14369053,41.08189726063965,-8.345449474459645,18,2022,False
22.19908538,41.17585868084559,-8.222173863029628,17,2022,False
0.34302026,41.12359870003323,-8.48996485249458,-1,2022,True
1.39499641,41.32618863268133,-8.355359189871114,-1,2022,True
19.24193762,41.17994758411098,-8.221904407643764,17,2022,False
1.53205724,41.21794976371327,-8.344647402227038,-1,2022,True
0.50257917,41.19789776130714,-8.211887778737346,17,2022,False
0.76855589,41.1238398120969,-8.312391794402803,-1,2022,True
3.83064613,41.198377059211374,-8.442040693983575,18,2022,False
3.24000272,41.10000897656597,-8.513892205273164,18,2022,False
0.39350278,41.077180164172994,-8.480125274271888,18,2022,False
85.78638401,41.0971697802566,-8.482937372403551,-1,2022,True
0.01808122,41.329022932597034,-8.622166330801415,16,2022,False
5.00591756,41.11782839529792,-8.072843089350368,-1,2022,True
0.79519944,41.152987887805715,-8.13587339529872,-1,2022,True
0.40771244,41.19425801155843,-8.193417450280299,17,2022,False
0.00921818,41.32897491996139,-8.622312214864017,16,2022,False
2.05188438,41.32193729004615,-8.596361926894868,16,2022,False
0.08866038,41.294429260105545,-8.590188180419947,16,2022,False
0.15488779,41.30056283394419,-8.544659577691704,16,2022,False
0.66382032,41.30374304023228,-8.439894429313961,-1,2022,True
2.49889832,41.263598772526784,-8.199647462127398,-1,2022,True
1.04831045,41.120986452167465,-8.489932405227451,18,2022,False
0.53052364,41.29852447310277,-8.464028878300526,16,2022,False
0.90979972,41.15887733452359,-8.430515363072722,18,2022,False
1.7413134,41.263876162153224,-8.520769720824152,16,2022,False
106.97900107,41.26858338150177,-8.511013393565268,16,2022,False
2.19977431,41.333661141959745,-8.071123598457357,-1,2022,True
0.51929593,41.156068967889944,-8.429150452397266,18,2022,False
0.58415408,41.16437899017655,-8.278580412315515,17,2022,False
0.34449159,41.055884955369585,-8.43706690602583,-1,2022,True
3.79479434,41.1882179587214,-8.22990901860755,17,2022,False
4.23624999,41.10363713834706,-8.345157027900237,18,2022,False
5.51092665,41.29317038310399,-8.003561186552982,-1,2022,True
0.91499881,41.36127848160021,-8.351226202511763,-1,2022,True
2.54998411,41.26773107923924,-8.001544825123604,-1,2022,True
96.48850411,41.30729031498448,-8.399828293403301,-1,2022,True
0.2050519,41.302686336399645,-8.54230971091741,16,2022,False
0.0101252,41.31746097450923,-8.574292919527702,16,2022,False
2.50207055,41.221787772268115,-8.022222235528307,-1,2022,True
1.12149715,41.228151522608165,-8.368143088850344,-1,2022,True
0.89421796,41.17637280869307,-8.194146143509787,17,2022,False
0.04049189,41.300002891114204,-8.538934231075181,16,2022,False
22.36115426,41.117357670213615,-8.39184195637562,-1,2022,True
0.04266985,41.278984115766264,-8.546500598245085,16,2022,False
0.54302048,41.21049254774136,-8.212876531498539,17,2022,False
1.55932159,41.35794922035571,-8.382251554870463,-1,2022,True
4.02466552,41.15127895016637,-8.0603221095623,-1,2022,True
0.98131095,41.1518677078792,-8.445477975973997,18,2022,False
4.06847661,41.35462226973059,-8.506830803797312,-1,2022,True
8.00215083,41.303284172897314,-8.271400201373945,-1,2022,True
1.34101912,41.05955986357509,-8.340119021172907,-1,2022,True
0.02274905,39.45654313432049,-8.152638732372976,3,2022,False
0.04855447,39.48304353279736,-8.252513315405185,3,2022,False
0.0524305,39.47270504663668,-8.312596170164529,3,2022,False
0.05050754,39.44646877638061,-8.163771934161247,3,2022,False
0.05461269,39.34227625106558,-8.059057044306597,3,2022,False
0.03565864,39.48873420823484,-8.08358154091706,3,2022,False
0.04323131,39.49113471261223,-8.229321795796515,3,2022,False
11.72158454,39.180123150172435,-8.741350050814562,-1,2022,True
0.00200166,39.38461890418923,-8.285584659601456,3,2022,False
0.0066445,39.47831707199505,-8.184385258155187,3,2022,False
3.72802231,38.842308538478484,-8.783888777676804,1,2022,False
0.34006148,39.52533678255608,-8.303918480094296,3,2022,False
0.25082621,39.46845279691509,-8.040894503614535,3,2022,False
0.0355056,39.478164420799935,-8.185048224870604,3,2022,False
0.01462249,39.21975176495473,-8.405895801200526,-1,2022,True
3.28021755,39.01634169561299,-8.358783208904326,-1,2022,True
1.03589798,39.3836465794258,-8.283728231287371,3,2022,False
0.14542296,39.4091306295256,-8.067427978849546,3,2022,False
0.02423719,39.48576299653354,-8.259243756283531,3,2022,False
0.11511053,39.42876946402076,-8.414168011210947,3,2022,False
2.06832925,38.95038408152747,-8.614347993111307,-1,2022,True
0.00313657,39.396682889404126,-8.058556875477809,3,2022,False
0.00814006,39.36471029969211,-8.470268740280758,-1,2022,True
0.07084889,39.42991836305909,-8.217249480784531,3,2022,False
0.14808846,39.35707190906186,-8.475561016985056,-1,2022,True
0.54318175,38.997671347015284,-8.757870097460522,-1,2022,True
21.02814468,39.370082562232696,-8.268350504935517,3,2022,False
0.03892606,39.4770644901984,-8.304569007963583,3,2022,False
0.00125618,39.45132479096266,-8.30142299719018,3,2022,False
0.22790444,39.45994534357288,-8.061745634006819,3,2022,False
0.00206065,39.47732234288954,-8.236262116936834,3,2022,False
1.62964311,39.302922800645206,-8.141991927408428,3,2022,False
5.46519216,38.93963959953668,-8.706060296580798,-1,2022,True
0.02842393,39.436270509618865,-8.172812036587894,3,2022,False
4.70916592,39.8228960279585,-8.484560318686494,-1,2022,True
0.00456694,39.22260316763181,-8.449682407926698,-1,2022,True
0.00857302,39.46138397646143,-8.200408543619416,3,2022,False
0.12853962,39.507339670876156,-8.198813800962252,3,2022,False
0.0368784,39.50753165650674,-8.198140472748335,3,2022,False
0.67028055,39.56558538368278,-8.169294137459298,3,2022,False
25.59476484,39.56894824130242,-8.16182051186095,3,2022,False
0.0012055,39.59240754782029,-8.235238322374324,3,2022,False
0.84437502,38.84917066524556,-8.594176843369567,1,2022,False
0.02646362,39.505890318651,-8.16813298536119,3,2022,False
29.23013676,39.57078617175795,-8.159831859465893,3,2022,False
0.68797779,39.603089349976806,-7.998989765943476,3,2022,False
3.12305124,39.07676482004766,-8.33201240851316,-1,2022,True
0.16695683,39.399640905678375,-8.44266031891813,3,2022,False
1.12885717,39.82044410303827,-8.489073423363413,2,2022,False
0.85337808,39.426601073160136,-8.440954601266482,3,2022,False
12.52979364,39.65541059305357,-8.637682095295881,2,2022,False
0.08617083,39.477624656359765,-8.086354910760916,3,2022,False
115.24991385,39.44015251107895,-8.233860332304584,3,2022,False
0.07312017,39.40155701853278,-8.129483869458362,3,2022,False
3090.04527135,39.76197785693008,-8.453391763626877,-1,2022,True
6.60101977,38.89416093982999,-8.742215478311158,1,2022,False
1.04839651,39.46345565555267,-8.549290473525533,-1,2022,True
85.9741694,39.71888224208209,-8.653881943703805,2,2022,False
2.84586618,39.306627982321054,-8.55373872048557,-1,2022,True
0.2135049,39.34101718893688,-8.103024098105323,3,2022,False
0.08502465,39.3439621589272,-8.087833734055303,3,2022,False
23.76913736,39.04779811497251,-8.657743355464829,-1,2022,True
758.17760986,39.77738239369179,-8.691024963854662,2,2022,False
0.04768539,39.426763442262846,-8.213648195100038,3,2022,False
42.37915888,39.75798307164952,-8.667422629605905,2,2022,False
0.04806842,39.42127123216341,-8.297949608501288,3,2022,False
3.12512661,39.494506773341634,-8.114737076131457,3,2022,False
1.18922355,39.598172119319095,-8.148355700058438,3,2022,False
0.6100909,39.479620100896504,-8.246833316914604,3,2022,False
0.00271608,39.48109403553811,-8.24856189729265,3,2022,False
0.01022884,39.480421043001066,-8.223260593989224,3,2022,False
0.01075394,39.48513300597993,-8.211474672549832,3,2022,False
0.02256349,39.48210310094941,-8.213537024928382,3,2022,False
3.69177715,39.29815111156983,-8.859288896370217,-1,2022,True
0.00030418,39.46424467335311,-8.202360178905636,3,2022,False
1.65525126,39.43848487800254,-8.732264638923208,1,2022,False
1.78776673,39.44451561988251,-8.2021759741983,3,2022,False
2.85979919,39.56622480308386,-8.398791241930512,3,2022,False
0.15832762,39.46845559566116,-8.042103388607718,3,2022,False
0.03061412,39.468572362979074,-8.042262551701187,3,2022,False
0.00174182,39.46842115376664,-8.040804096404125,3,2022,False
5.88529483,39.55840587076563,-7.852563215710982,-1,2022,True
1.10765922,39.09633954001368,-8.652935044590604,-1,2022,True
476.35484012,39.73358525832175,-8.491508698996617,2,2022,False
225.9288181,39.73429660160354,-8.623120927690119,2,2022,False
3.61502121,39.513883487200324,-8.406060139316711,3,2022,False
4.3719386,38.89366775726802,-8.422440019789063,-1,2022,True
4.05518157,39.55124646694482,-8.176543522219808,3,2022,False
0.41698903,39.460677335608594,-8.037798717464614,3,2022,False
0.51278008,39.57246721767837,-7.980623016840022,3,2022,False
19.32197758,39.24553054364912,-8.903627993471481,-1,2022,True
35.44816456,39.643325346527334,-8.264077682106786,-1,2022,True
0.00170051,39.462753529871584,-8.204829940382167,3,2022,False
79.81247929,39.638606653160636,-8.254332444272789,3,2022,False
170.67114284,39.70784022526892,-8.47489045671314,2,2022,False
8.40003816,39.73954831259463,-8.638767932032573,2,2022,False
2356.53817591,39.7397454934016,-8.588624854431743,2,2022,False
0.78527625,38.919789530602344,-8.866305530131223,1,2022,False
1.90990331,39.75615595917043,-8.64966021631834,2,2022,False
1.7750664,38.924563963483074,-8.55584237570169,-1,2022,True
19.80850969,39.72639291258816,-8.659993448071607,2,2022,False
101.70096083,39.26246531219923,-8.9228875065424,1,2022,False
0.05478705,39.32164317733863,-8.492161353829106,-1,2022,True
0.00467021,39.462524868056605,-8.208912639021554,3,2022,False
1.46052523,39.729223360441416,-8.663552876772224,2,2022,False
3.94700686,39.286026839428416,-8.966847770313,1,2022,False
3.34925348,39.27267518172538,-8.813754130736537,-1,2022,True
7.86833895,38.760104700048885,-8.756125130474448,1,2022,False
0.32140152,39.38656771977265,-8.278737610997911,3,2022,False
3.04423623,38.54289576062213,-9.006647016361333,-1,2022,True
28.33340556,38.65512831088481,-8.663774452829678,-1,2022,True
1.21006924,38.150397159837134,-8.679352437021448,-1,2022,True
3.50315042,38.106466367935404,-8.39224982780247,-1,2022,True
0.56466256,38.655356263620185,-8.743150268432457,1,2022,False
1.63787021,38.18142482811993,-8.586253692717063,-1,2022,True
0.66841164,38.67258541847665,-8.760276280105304,1,2022,False
3.57969155,38.574972240092045,-8.964569877325623,1,2022,False
27.32232163,38.35596019670924,-8.465908294345684,-1,2022,True
5.32826409,38.00499570288132,-8.388587035232629,-1,2022,True
7.35710251,38.59614408992553,-8.99612015564639,1,2022,False
1.16761415,38.58666689951589,-8.952324482635232,1,2022,False
0.49435622,38.21328223463855,-8.736132785128119,-1,2022,True
2.70194933,38.739819544352265,-8.933581892058653,1,2022,False
1.35565852,38.56965102790408,-8.838199734796309,1,2022,False
0.57678373,38.63907764861717,-8.919469568680167,1,2022,False
2.69047002,38.17836796654311,-8.414149542790083,-1,2022,True
1.16724688,38.19386703064361,-8.56072375120188,-1,2022,True
420.34402133,38.56292994502321,-8.90826848170913,1,2022,False
0.7250664,38.42920855558749,-8.61566239383934,-1,2022,True
0.78822762,38.714147911340035,-9.006247916152457,1,2022,False
1.48131715,38.71656204009519,-8.764221729286714,1,2022,False
0.61268174,38.576791557450115,-8.870035982238855,1,2022,False
1.15929299,38.537292916782945,-8.997721252937973,1,2022,False
6.31798559,38.66280347954092,-9.246792944278859,1,2022,False
3.27186274,38.52718140348483,-8.998987732908471,-1,2022,True
7.70185337,38.635346554556264,-9.027196040888787,1,2022,False
0.50755778,38.398538575543185,-8.612366412872959,-1,2022,True
20.03220266,41.942215908276815,-8.58732403304671,11,2022,False
0.99750866,41.8751602058469,-8.521157229072495,11,2022,False
0.49017538,41.79251854325789,-8.30027352375211,12,2022,False
7.01197206,41.839703337267814,-8.332775994725674,-1,2022,True
1.00436237,41.95264654447421,-8.548956761443216,11,2022,False
2.16334341,41.9127325897787,-8.255559787574475,-1,2022,True
3.50364011,41.94744911880095,-8.443754300662302,11,2022,False
10.6935602,41.992818968340565,-8.464206723965862,11,2022,False
1.5118534,41.796401683717775,-8.51894545325223,-1,2022,True
1.67969699,41.95365799867049,-8.469896432390142,11,2022,False
38.63831112,42.07610204723098,-8.22270888302365,-1,2022,True
1.99870859,41.95521266854205,-8.502702597573888,11,2022,False
18.95629332,41.91078843125127,-8.484282239584061,11,2022,False
11.99876621,41.966707185847916,-8.453335859874754,11,2022,False
6.34932426,41.874986561605326,-8.2363227116819,-1,2022,True
0.6520493,42.0268270468903,-8.535024187996132,11,2022,False
21.55148399,41.96173082894472,-8.521195479203035,11,2022,False
6.7557603,41.96410908716943,-8.460113068110594,11,2022,False
1.02925696,41.97321043354028,-8.460783888122052,11,2022,False
10.04871025,41.757089539961655,-8.466609274427432,-1,2022,True
20.31582269,41.96763039911565,-8.447118589254675,11,2022,False
36.1928518,42.03369302816286,-8.255175604141241,-1,2022,True
5.57486018,41.94961487926303,-8.44471928418248,11,2022,False
10.16869477,42.022236913924075,-8.58564144965256,11,2022,False
8.36622045,41.909561828803206,-8.377658289921706,11,2022,False
2.94079523,41.88496338546152,-8.469280799474559,11,2022,False
3.55119771,41.74097680048255,-8.517960032118042,-1,2022,True
176.02627052,41.78473269183378,-8.253493650491336,-1,2022,True
8.3261181,42.04460200667778,-8.196490134190038,-1,2022,True
12.02263523,41.875988678133595,-8.319192822512706,-1,2022,True
18.07671916,41.978532120648765,-8.562538529289325,11,2022,False
8.28031047,41.72880813736934,-8.589549520366829,-1,2022,True
6.0099202,41.87014498499192,-8.44401028610341,11,2022,False
1.01327377,42.014951898968,-8.588932805015634,11,2022,False
12.74886902,41.77713367828873,-8.266596191415935,-1,2022,True
223.23318429,42.000596334761426,-8.120296280795145,-1,2022,True
13.77107169,41.98930787021727,-8.288717390324864,-1,2022,True
14.18740727,41.90802954226036,-8.47528223055003,11,2022,False
1.16940138,41.88610788596874,-8.47030565696221,11,2022,False
7.13944967,41.94547384943589,-8.374696033000692,-1,2022,True
41.85078542,41.92847713450099,-8.493529254257817,11,2022,False
253.26913818,41.753988567779764,-8.759010714983548,-1,2022,True
24.28648914,41.91579054201216,-8.506814283883514,11,2022,False
5.32541475,41.884786528969315,-8.472312592056982,11,2022,False
7.66695297,41.91564759178153,-8.408667553466422,11,2022,False
31.97524003,41.99254796218188,-8.147947538206193,-1,2022,True
226.46743697,41.95173779278707,-8.476921750976672,11,2022,False
33.29929917,41.97235361705862,-8.576071995058498,11,2022,False
3.40669296,41.931428410771176,-8.501253894361026,11,2022,False
32.3254069,42.00389194038003,-8.570442140671,11,2022,False
3.50649355,41.96191158470338,-8.562593863252427,11,2022,False
56.56283627,42.00447493594053,-8.581865569620367,11,2022,False
1.74175953,41.89356466208039,-8.261437213413286,-1,2022,True
88.94671699,41.842818313466466,-8.327800525021553,-1,2022,True
0.60434295,41.880174892830716,-8.21721920989406,-1,2022,True
0.88234517,41.873556537149604,-8.235178446615656,-1,2022,True
15.9841884,42.03199573690897,-8.575739661781167,11,2022,False
234.11148953,41.85544000568588,-8.321006445092193,-1,2022,True
13.9464721,41.91453031922343,-8.471452659255865,11,2022,False
1.02170316,41.994096083726554,-8.609258931439594,11,2022,False
2.96186552,42.01711556624228,-8.588182618005838,11,2022,False
10.68139852,41.762595086494734,-8.538122101041651,-1,2022,True
11.57891915,41.71506904417915,-8.521382329607873,-1,2022,True
0.26850938,41.697942543523254,-8.685429183094593,-1,2022,True
18.80957154,41.96895340984209,-8.527705878516393,11,2022,False
11.11270423,41.96972157898945,-8.399237300830467,11,2022,False
17.13365001,41.74340131246514,-8.512943700799124,-1,2022,True
4.80770493,42.05754744905702,-8.187938689190062,-1,2022,True
4.36341947,42.11623062430295,-8.226384592612995,-1,2022,True
0.07538231,41.72673773935789,-8.766540226306722,-1,2022,True
1.42466791,41.9688823600848,-8.584764902426627,11,2022,False
22.83312258,41.781122537139886,-8.356730834136988,-1,2022,True
0.50915264,41.99203138255996,-8.624517941419096,11,2022,False
4.28967434,42.01955657702244,-8.586268140096843,11,2022,False
0.69282547,42.03003797810644,-8.569595029743711,11,2022,False
24.04490527,41.803910499867904,-8.228505280088127,-1,2022,True
13.24009626,41.97721315993639,-8.456510188078738,11,2022,False
5.69359285,41.874974896771334,-8.447063055328908,11,2022,False
0.50081841,42.055153271017566,-8.235515071366297,-1,2022,True
9.49850833,41.881343397838,-8.296244832846586,-1,2022,True
12.16003706,41.84810300964899,-8.233229164591734,-1,2022,True
0.10878237,41.71769512270652,-8.730155358299074,-1,2022,True
1.8008112,41.65240118931587,-8.674669079434066,-1,2022,True
26.65412877,41.874631418577586,-8.173146436200632,-1,2022,True
13.66351543,42.05147354871442,-8.224672649023523,-1,2022,True
3.48717862,42.0637007320813,-8.337958581771252,-1,2022,True
17.49898515,42.05773755373135,-8.253918420548901,-1,2022,True
8.55401212,42.05717150156529,-8.26503943118523,-1,2022,True
1.7828258,42.04023162511287,-8.366495442676833,-1,2022,True
46.09532224,41.87465502377822,-8.452376150414935,11,2022,False
2.1702267,41.67005887415506,-8.714116154337757,-1,2022,True
15.56195232,41.958628258559706,-8.533339361771311,11,2022,False
14.61402283,41.9944445817883,-8.566763874447913,11,2022,False
11.06794068,42.04464299811443,-8.188826555770818,-1,2022,True
0.01912706,41.711596290726575,-8.659852896446534,-1,2022,True
0.08748053,41.73328636270809,-8.855737755228608,-1,2022,True
0.7010754,42.05061221079768,-8.542275955906641,11,2022,False
48.23097936,41.86886950718746,-8.336591811775373,-1,2022,True
12.741618,41.902940678947765,-8.427961205555716,11,2022,False
1.06961366,42.06314163284393,-8.456775431491627,-1,2022,True
1056.53698546,41.83419669187142,-8.268506172806623,-1,2022,True
175.38753634,41.97116696388515,-8.489277851968065,11,2022,False
336.52393699,41.90168919886559,-8.781381288518908,-1,2022,True
93.00325209,42.034000104225015,-8.571357940375872,11,2022,False
16.19943931,42.04195744353492,-8.141356322582713,-1,2022,True
0.62321334,41.66445416909553,-8.693351605951554,-1,2022,True
4.39940085,41.75327121530218,-8.46815308703476,-1,2022,True
11.29916603,41.81430048388344,-8.601879659078907,-1,2022,True
7.39781827,41.635228922336665,-8.718339740893224,-1,2022,True
8.53143256,42.086477454031446,-8.349593196060423,-1,2022,True
0.35779781,41.63655199202346,-8.716757922069883,-1,2022,True
19.56911576,41.83370486614475,-8.43929336857469,11,2022,False
52.76418299,41.951461848942174,-8.429667541958251,11,2022,False
179.72166455,41.95988172144314,-8.430393978151196,11,2022,False
10.04876391,41.79651395846584,-8.509603519533195,-1,2022,True
6.26835625,41.83054441566564,-8.441554189569173,-1,2022,True
0.01219337,41.64963998922981,-8.742642722498504,-1,2022,True
7.10523985,41.90188757554025,-8.484776071843902,11,2022,False
5.57448004,41.77169474905496,-8.398489626272973,-1,2022,True
0.1827728,41.708884071557485,-8.779699033137494,-1,2022,True
9.27580809,41.89811748814392,-8.486123231703445,11,2022,False
3.20638167,41.900080453085124,-8.486286145021653,11,2022,False
0.3933398,41.730072106405345,-8.713250174727035,-1,2022,True
90.410245,42.04138192005588,-8.456235280568752,-1,2022,True
385.06216168,42.03534272254581,-8.525616937856805,11,2022,False
0.09394914,41.61615152456033,-8.76216755453111,-1,2022,True
41.94759536,41.863596936682995,-8.342725594074759,-1,2022,True
71.19843773,41.769272744121096,-8.399642960554331,12,2022,False
2.45158749,41.810585255529546,-8.611382610825197,-1,2022,True
34.05930547,41.80984220360939,-8.605633516310634,-1,2022,True
0.29909794,41.727600605225646,-8.85465800704916,-1,2022,True
0.48292785,41.616113442849056,-8.761716491278596,-1,2022,True
9.66088239,41.79768382118504,-8.394195170284098,-1,2022,True
6.80593202,41.79469495778599,-8.69183775285119,-1,2022,True
24.75552582,41.753465044654156,-8.535042149546053,-1,2022,True
51.77454472,41.79244777833682,-8.694364614626366,-1,2022,True
13.29301786,41.88225618459056,-7.727218442179998,-1,2022,True
12.24880854,41.880446608329734,-7.725190022376826,-1,2022,True
1.23461315,41.41015654821538,-7.904394260729227,-1,2022,True
11.091224,41.81439623408078,-7.572911842226553,-1,2022,True
1.41428983,41.408479749665844,-7.824495602668384,-1,2022,True
1.04102995,41.575934416584325,-7.399793341669804,-1,2022,True
37.21065665,41.81157768540311,-7.674426605581147,10,2022,False
24.30721564,41.88378417200965,-7.724447145552904,-1,2022,True
0.54077219,41.66215098319776,-7.7915100908133965,10,2022,False
7.50962201,41.801083372448886,-7.832912694453169,10,2022,False
9.23562908,41.81249148844281,-7.911346977299951,-1,2022,True
2.70472805,41.853859583403484,-7.776706150027413,10,2022,False
11.34700545,41.81062180435206,-7.947315628059769,-1,2022,True
13.09274586,41.78911017925875,-7.748027345961386,10,2022,False
41.93048746,41.64762891806415,-7.786446443045838,10,2022,False
31.4360683,41.84876946701581,-7.75198248181856,10,2022,False
2.16359737,41.65571993479287,-7.716899718607231,10,2022,False
288.76926812,41.87970014736544,-7.770583394670039,-1,2022,True
10.4188791,41.84236414428129,-7.940459973605094,-1,2022,True
78.05059607,41.821088906018254,-7.958520902117506,-1,2022,True
13.07799337,41.48802904233608,-7.637910106045798,-1,2022,True
15.82992258,41.75891187759461,-7.695161222725102,10,2022,False
73.0316074,41.78922475832632,-7.807002154727125,10,2022,False
1.27285348,41.3814377877321,-7.862387017144892,-1,2022,True
85.0731823,41.861333317724146,-7.912115337610097,-1,2022,True
139.20326353,41.79903833210721,-7.7216351424061065,10,2022,False
4.18620265,41.40680225328442,-7.820786349735189,-1,2022,True
1.95817526,41.716713720603444,-7.755398290562297,10,2022,False
32.34715873,41.71663785606124,-7.797009610947732,10,2022,False
69.53962101,41.71168855946846,-7.837587158430842,10,2022,False
142.66153422,41.359714742729615,-7.861986625269529,-1,2022,True
4.50691894,41.89082364868396,-7.908829440900305,-1,2022,True
211.11676801,41.886920796357835,-7.735969894920365,-1,2022,True
76.43482787,41.7328123931272,-8.005439325654029,-1,2022,True
66.68725745,41.79372521692933,-7.732159265054934,10,2022,False
20.74722488,41.461002007873844,-7.7356418603833355,-1,2022,True
0.73821996,41.70664170006343,-7.746160203508789,10,2022,False
7.64810469,41.862357347780325,-7.938115663872506,-1,2022,True
0.38347867,41.425921997772676,-7.849922796191728,-1,2022,True
24.29228103,41.85380559691349,-7.766676390510395,10,2022,False
0.45816989,41.41910611166414,-7.7837002631929675,-1,2022,True
12.71222469,41.79253847817057,-7.5836850002151595,10,2022,False
48.52912177,41.828129732001905,-7.831364176417772,10,2022,False
35.22264642,41.823701929102214,-7.863439822944761,10,2022,False
118.46493121,41.795585040196514,-8.012755530096758,-1,2022,True
44.63893187,41.73836780152651,-7.696346472518862,10,2022,False
24.40001828,41.77971368236635,-7.77646171098142,10,2022,False
10.23508874,41.71442368410762,-7.796174554069917,10,2022,False
1.16043187,41.69658029581752,-7.860801608679519,10,2022,False
62.01385848,41.786267858330675,-7.8330754684491275,-1,2022,True
15.33185681,41.80939367158339,-7.679688518723759,10,2022,False
1.26532411,41.72522447767255,-7.616398173342121,10,2022,False
6.23134466,41.43113519104402,-7.739675721081048,-1,2022,True
5.20850224,41.8083014335824,-7.760514783954184,10,2022,False
10.35384053,41.666680393107065,-7.890725594967686,-1,2022,True
4.51912575,41.738124241585794,-7.615031598543673,10,2022,False
8.47928371,41.768608000458464,-7.648331351938016,10,2022,False
12.06233263,41.758245891225194,-7.204731804495101,-1,2022,True
3.62879828,41.7435694133034,-7.626407538813321,10,2022,False
4.04599377,41.706027685373535,-7.900372507427515,-1,2022,True
13.27196285,41.48272142941662,-7.7384430023174,-1,2022,True
6.36882621,41.6939867082956,-7.6357472133272735,-1,2022,True
6.24562861,41.70568698636743,-7.738297553167403,10,2022,False
2.04551919,41.66332907890754,-7.7834982513223885,10,2022,False
0.55759591,41.70268057557208,-7.89184734723749,-1,2022,True
15.48478975,41.44466025174716,-7.633086296967754,-1,2022,True
2.30634619,41.80090966429619,-7.830087291562763,10,2022,False
11.34464583,41.64663913457418,-7.743774597951665,10,2022,False
24.67028696,41.81477522552189,-7.670523300326014,10,2022,False
1.54449964,41.74131096342887,-7.583760502846868,10,2022,False
1.79600073,41.75552991415243,-7.59521247781559,10,2022,False
6.51436733,41.77703173901071,-7.730365278784525,10,2022,False
36.07120816,41.83647293395082,-7.899806768607802,-1,2022,True
4.00247966,41.80025855098167,-7.762385390166159,10,2022,False
13.9157303,41.7983437554486,-7.63882828009877,10,2022,False
11.65367896,41.859419029294685,-7.813349845169876,10,2022,False
6.05111484,41.74621249345317,-7.688690921527194,10,2022,False
2.80681711,41.82262186268154,-7.723414722333177,10,2022,False
29.44527232,41.758080665101,-7.567508146417782,10,2022,False
32.96476382,41.85916604451382,-7.772233165186852,10,2022,False
7.51459637,41.756112101616495,-7.722289730932039,10,2022,False
19.03336194,41.92371384153642,-7.9105435710871115,-1,2022,True
11.43742062,41.534155570580175,-7.537852345593734,-1,2022,True
5.00945947,41.809240022177036,-7.585601823593736,10,2022,False
3.50478516,41.783872827373145,-7.691371226349161,10,2022,False
104.1501772,41.348367274896816,-7.8531459673361566,-1,2022,True
1.50689051,41.611105773554485,-7.391815399671505,-1,2022,True
6.40487545,41.75774210045274,-7.698619881563444,10,2022,False
17.4675476,41.633844504598535,-7.83298743421709,10,2022,False
7.51581053,41.7618999960645,-7.820784619635223,10,2022,False
0.52684506,41.70550814346963,-7.717569550143515,10,2022,False
1.67978988,41.47825295757584,-7.919124476710229,-1,2022,True
3.01417102,41.743517712165826,-7.28730695033997,-1,2022,True
1.60630652,41.68511934212926,-7.967988643949876,-1,2022,True
5.00830726,41.75658427924108,-7.206545553258828,-1,2022,True
2.70241143,41.75233931894578,-7.696151559631104,10,2022,False
7.7130014,41.73376717818598,-7.576192056381644,10,2022,False
6.00582266,41.77264927991093,-7.678346058886776,10,2022,False
13.32407971,41.47032516088941,-7.694110045133448,-1,2022,True
3.54722438,41.672297636291205,-7.789870869894684,10,2022,False
3.63332107,41.596302154491866,-7.395590142940135,-1,2022,True
1.73839686,41.62165203571484,-7.336530407213475,-1,2022,True
21.16023261,41.71673556404522,-7.567635410552402,-1,2022,True
260.91967359,41.76033495673234,-7.193363941175911,-1,2022,True
27.41334795,41.79646067229367,-7.579045693175499,10,2022,False
2.49542506,41.85812035100022,-7.668913006676575,-1,2022,True
3.30164783,41.760979986842464,-7.699883383096827,10,2022,False
32.71505194,41.39735157094361,-7.688839610779246,-1,2022,True
0.96480963,41.36825726051388,-7.948765887277696,-1,2022,True
233.01493478,41.39571988116778,-7.564772497602534,-1,2022,True
18.75744461,41.79087729557693,-7.208136365092713,8,2022,False
5.85013947,41.15269996823565,-7.898917504089776,-1,2022,True
4.00303054,41.64556106727687,-7.296817767704617,-1,2022,True
2.00136129,41.64372000447415,-7.297415750726508,-1,2022,True
0.10851293,41.362987341859714,-7.937179483556002,-1,2022,True
4.03490587,41.70038754682511,-7.221557215880769,-1,2022,True
0.42545641,41.23353396902258,-7.839091545712686,-1,2022,True
296.06973483,41.60898942964139,-7.716064394202032,-1,2022,True
0.73248959,41.12358133551698,-7.912026574642441,-1,2022,True
11.1413938,41.49652466681976,-7.765655604666729,-1,2022,True
6078.53284295,41.84054249624302,-7.441263162809826,-1,2022,True
32.29600323,41.1723193313839,-7.883716762216984,-1,2022,True
1.37048235,41.769884437342135,-7.6096653975418365,10,2022,False
1393.21661731,41.854279092421045,-7.598430596449242,-1,2022,True
7188.68634908,41.47413543323785,-7.470042114234588,-1,2022,True
2.50093582,41.672286276079575,-7.252612113627766,-1,2022,True
5.96028474,41.13806904788853,-7.892169115261586,-1,2022,True
1.80462603,41.745477370189604,-7.916536368956595,-1,2022,True
188.4382106,41.37923788848219,-7.527696593605916,-1,2022,True
9.28584667,41.47150012873293,-7.737382750606663,-1,2022,True
2.43837542,41.23829038250385,-7.8262603457766895,-1,2022,True
16.40243635,41.83362110492783,-7.457980446226323,-1,2022,True
2.03978201,41.24900101655764,-7.883833445497823,-1,2022,True
0.60838295,41.18423726930097,-7.873006517648905,-1,2022,True
10.49726456,41.83118946643127,-7.454251347751471,-1,2022,True
12.72690054,41.679137079322324,-7.482220747175728,-1,2022,True
1.25805194,41.1249670933384,-7.91235912053444,-1,2022,True
1638.47653617,41.47744884429916,-7.560827458559931,-1,2022,True
4.0139415,41.772217653545326,-7.254448479734094,-1,2022,True
18.64447603,41.45501203336528,-7.738308654918048,-1,2022,True
13.43325046,41.74788274729661,-7.910013966114475,-1,2022,True
0.68497048,41.65034458534852,-7.812515527470159,10,2022,False
22.38891907,41.41753504586228,-7.748647689256286,-1,2022,True
2.62451955,41.667648240890244,-7.800429406458031,10,2022,False
0.74619184,41.666937553139825,-7.798775798071296,10,2022,False
30.65918056,41.83819887928863,-7.453392541225734,-1,2022,True
0.79130473,41.170156416741996,-7.889566307848676,-1,2022,True
135.82957377,41.783972371677045,-7.706286687632347,10,2022,False
9.81475358,41.41475746103098,-7.593915118254898,-1,2022,True
28.39009195,41.858540010084766,-7.68790645880583,10,2022,False
43.99312755,41.17603351528294,-7.885963514055669,-1,2022,True
107.57824814,41.258581443095316,-7.893624172396978,-1,2022,True
0.24287294,41.65236674424721,-7.784896307746128,10,2022,False
50.59614661,41.36978761233235,-7.494880652069626,-1,2022,True
65.20297257,41.45391260939206,-7.648651394594265,-1,2022,True
13.96498224,41.359107203274924,-7.910859023185532,-1,2022,True
13.41243134,41.37741559700086,-7.880345503285952,-1,2022,True
5668.76271793,41.37830470943636,-7.722363927105051,-1,2022,True
433.15821013,41.19349841467885,-7.877427312019336,-1,2022,True
7.13905541,41.83596028946443,-7.4560427205647795,-1,2022,True
451.08311596,41.57637015730169,-7.276366344114124,-1,2022,True
76.67761518,41.38804072065875,-7.956414979875537,-1,2022,True
408.23282441,41.625558301299385,-7.3419021907757855,-1,2022,True
22.73674564,41.52784033657362,-7.397303406940831,-1,2022,True
534.16395,41.42736858993795,-7.905245269695081,-1,2022,True
1.51480811,41.44644545301064,-7.925174553532941,-1,2022,True
99.52608672,41.23682019974428,-7.831520984448821,-1,2022,True
0.6764842,41.657968892325464,-7.804053397793757,10,2022,False
238.58827973,41.775055053239655,-7.656672298055937,10,2022,False
1.03809656,41.742874472002335,-7.588054289600357,10,2022,False
634.80915428,41.835464698012125,-7.520654449401868,-1,2022,True
32.0580759,41.3475097230948,-7.5870809143285,-1,2022,True
1.42379756,41.716996997044845,-7.631767907073058,10,2022,False
52.7080849,41.46294586642991,-7.395734531757446,-1,2022,True
9.51163645,41.69462329893841,-7.910155566293287,-1,2022,True
91.7325559,41.709303991675725,-7.278542954799694,-1,2022,True
1.49851725,41.67021463050731,-7.355306050891062,-1,2022,True
2.31718125,41.65256827321979,-7.802297937397266,10,2022,False
13.68776023,41.57499300574451,-7.383078851957204,-1,2022,True
4.28533874,41.575183127797594,-7.38518947925686,-1,2022,True
1.4972972,41.72573028573111,-7.953939632597619,-1,2022,True
59.62194269,41.4576946408359,-7.888413009345473,-1,2022,True
0.49032765,41.2942246144651,-7.467541159153997,-1,2022,True
7.14766039,40.979681609444285,-8.081791719672928,-1,2022,True
4.60628905,40.956574180155734,-7.996210505485877,-1,2022,True
1.7633209,40.9375630781122,-8.050449047603625,-1,2022,True
3.04747093,41.04375874474101,-8.070750037124448,15,2022,False
1.01161934,40.90948322849555,-7.943841274034531,-1,2022,True
34.14577337,41.035259271251235,-7.973605179078139,-1,2022,True
15.684319,41.02714063785261,-8.186570611758134,-1,2022,True
6.71196244,41.009137404228596,-7.927836318321162,-1,2022,True
6.36108746,40.94050269063046,-7.998341026357856,-1,2022,True
0.01536341,40.600310738610446,-7.777794987012811,9,2022,False
1.02970503,40.926857494490946,-7.810712891842799,-1,2022,True
14.62279208,41.055354334868454,-7.926610531677045,-1,2022,True
2.24748317,40.913294980051376,-7.807629404826818,-1,2022,True
19.66581865,40.9518320555894,-8.076224137627783,-1,2022,True
127.04510582,41.02403853942335,-7.949449777311242,-1,2022,True
2.504667,41.070135560725966,-8.171080967985784,-1,2022,True
1.93737367,40.636238640109376,-7.709024924459736,9,2022,False
0.7731685,40.93902743534937,-8.029966177457654,-1,2022,True
4.30493206,41.005423357146256,-8.026845206669703,-1,2022,True
11.87612419,41.04043856993177,-8.08178781302049,15,2022,False
10.5259071,41.05716131215498,-7.952105680754264,-1,2022,True
3.84602029,40.94689902807933,-7.934864019539983,-1,2022,True
1.96372311,41.048242281155666,-8.06840717384702,15,2022,False
19.20926678,41.02217935592204,-8.031788378306665,15,2022,False
2.48434236,41.01033832129479,-7.985069847966026,-1,2022,True
8.40420833,40.91965317209426,-7.823553105958055,-1,2022,True
1.09294119,40.96228059433602,-7.971116136363844,-1,2022,True
13.08434242,41.04872584797602,-7.900565809423146,-1,2022,True
22.9950788,40.949682957990426,-8.029752021075824,-1,2022,True
15.59614406,41.00763262746909,-8.062876540485533,15,2022,False
15.78607138,41.04292921067215,-8.00545598857425,-1,2022,True
1.25583316,41.046837810293,-8.08322877421738,15,2022,False
14.26334742,41.01339680323544,-8.076442865536322,15,2022,False
3.76610286,40.94899258750706,-8.025199129848241,-1,2022,True
1.9625198,40.99651875197788,-7.9111922349071815,-1,2022,True
0.49410604,40.58667600756671,-7.806853455531835,9,2022,False
2.83733723,41.035527362927695,-7.470032709585937,-1,2022,True
3.45078881,40.8974206768734,-7.820594090431856,-1,2022,True
4.10149261,40.99135449082808,-7.855186549253285,-1,2022,True
30.35699957,41.03508125997811,-8.095278771227978,15,2022,False
24.81868112,41.03035652034744,-8.09214664498052,15,2022,False
24.83090292,40.97391155446828,-8.051535838537747,15,2022,False
1.56443873,40.94916402693866,-8.034514314430801,-1,2022,True
3.98527775,41.00835143408902,-7.985142270705916,-1,2022,True
8.54820221,41.04381379900456,-7.882155521353225,-1,2022,True
0.32986873,40.653658807540765,-7.85015726765402,9,2022,False
2.69300068,40.86383089370594,-7.831271358335837,-1,2022,True
2.01453668,40.81909202819196,-8.166290748529823,-1,2022,True
1.06639644,41.022076002585685,-7.575045088512869,-1,2022,True
0.01497492,40.55639558890859,-7.881888251737034,9,2022,False
1.36491629,41.05943954596714,-8.116903803377431,15,2022,False
0.02848051,40.520861000675254,-7.791528479506062,9,2022,False
2.11563667,40.93753607294691,-7.8588933299018215,-1,2022,True
0.04308309,40.611484787798254,-7.815876352887436,9,2022,False
1.348423,41.08030464540272,-7.745235403597465,-1,2022,True
1.4594439,41.04825446987357,-7.877679098039816,-1,2022,True
2.2908401,41.02038460960233,-8.156293131179066,-1,2022,True
0.02097951,40.563526172282955,-7.841954910248248,9,2022,False
3.01566792,40.88926530282116,-7.722710702592303,-1,2022,True
0.19924473,40.61691324620392,-7.8094268843420105,9,2022,False
21.31768416,40.86346150740831,-7.818815550964461,-1,2022,True
0.74135754,40.945019835528946,-8.102051927219122,-1,2022,True
2.95902535,40.937907243478236,-8.04744686909575,-1,2022,True
2.18719191,41.05975394831268,-8.136385972462653,15,2022,False
4.76969895,40.89461369023571,-7.977807650713005,-1,2022,True
0.41778082,40.535820712735344,-7.876242987497433,9,2022,False
0.30112902,40.620538152948996,-7.795564472718937,9,2022,False
2.21927315,40.78562520404881,-7.702105561329395,-1,2022,True
1.05400788,40.979092187814366,-7.949944002053649,-1,2022,True
2.00745536,41.021279871323316,-8.15741728436425,-1,2022,True
12.41959725,41.05623421356607,-7.90110710924548,-1,2022,True
1.00919715,40.558007111306175,-8.080580476537227,-1,2022,True
3.90333201,41.0404670511002,-8.104647763900083,15,2022,False
1.72077046,40.95316804667529,-8.112058564171416,-1,2022,True
1.10192001,41.13498316985175,-7.391130568376256,-1,2022,True
1.70843406,40.99899835130063,-7.532170733985275,-1,2022,True
2.61405145,41.079511125276504,-7.875464286267566,-1,2022,True
0.48564464,40.55118487139944,-7.860253338910239,9,2022,False
0.00048226,40.57232392910778,-7.605797501094843,9,2022,False
0.29498675,40.671264403107365,-7.816849215759952,9,2022,False
3.46725605,40.725197095898345,-8.296219518289888,4,2022,False
1.01888238,41.08908688736812,-8.199592511811748,-1,2022,True
0.8555098,40.56265649669934,-7.780434112993406,9,2022,False
0.30842287,40.550439436292635,-7.741461885492694,9,2022,False
0.00300124,40.566844858906585,-7.793763251805054,9,2022,False
3.79507252,41.02739707113884,-8.062077132064193,15,2022,False
2.72701781,41.03200939614629,-8.075414283656496,15,2022,False
1.20341007,40.9218414267629,-7.80024964187323,-1,2022,True
0.41882821,40.73820380100408,-7.816510804814526,9,2022,False
0.46484844,40.560201025693175,-7.8321424632857894,9,2022,False
0.01540498,40.61882259360877,-7.716584072095881,9,2022,False
0.2524294,40.48741224438459,-7.864263585678327,9,2022,False
0.88081432,40.56654097611248,-7.807800120623636,9,2022,False
0.11342726,40.62827005480844,-7.7502288237536225,9,2022,False
0.13740586,40.50967018535603,-7.858480354327739,9,2022,False
0.1006302,40.58865718412795,-7.8673601197779375,9,2022,False
0.14096339,40.5593344875765,-7.838833477655059,9,2022,False
1.53859939,41.04964316902605,-8.233534449903434,-1,2022,True
0.00584556,40.57062545674644,-7.783188163328773,9,2022,False
0.02698961,40.55332027839862,-7.870552065563557,9,2022,False
2.09762974,40.77776347615072,-8.21335824359864,-1,2022,True
27.29413489,41.0338259494233,-8.081708329387698,15,2022,False
459.03859103,40.59545862760839,-7.6168382311068035,9,2022,False
0.11697687,40.55983090783525,-7.87263151808429,9,2022,False
0.30562103,40.484832676716145,-7.874312734967546,9,2022,False
0.02403862,40.56707953675561,-7.80225810582192,9,2022,False
13.53246871,41.031672492320055,-8.082313956593653,15,2022,False
14.5227731,40.65791749067522,-7.715990433559876,9,2022,False
0.00020149,40.56078093595742,-7.824061463376429,9,2022,False
1.49537445,40.65816688625846,-8.043259342675437,-1,2022,True
1.27923414,40.77863052929437,-8.23994231610789,-1,2022,True
44.3268862,41.03731569535,-7.830934761809499,-1,2022,True
0.15070525,40.63399755937694,-7.820779263147119,9,2022,False
0.48966209,40.730019050116304,-7.885373202401741,-1,2022,True
0.00074945,40.616199475362265,-7.760272970848422,9,2022,False
4.58843101,41.184886534534186,-7.478652809341962,-1,2022,True
31.58556398,41.062054014791265,-8.182239084992665,-1,2022,True
0.01025382,40.59787538063179,-7.733691215121082,9,2022,False
0.43375427,40.661032489118924,-8.042481932036353,-1,2022,True
0.35901971,40.68581402625694,-7.923841774004906,9,2022,False
2.87020102,40.64894210105542,-8.065558181959599,-1,2022,True
14.53237044,41.06157979442253,-8.01014186205583,-1,2022,True
0.0974252,40.62892031282217,-7.577027058088875,9,2022,False
23.54145546,41.07260882893787,-8.116189920267233,15,2022,False
0.87997492,40.60768369470049,-7.962967373279921,9,2022,False
0.00790412,41.09951746149594,-7.973305196372471,-1,2022,True
1.00151352,40.98960184241608,-7.386035127737896,-1,2022,True
0.3334876,40.582506916564405,-7.930733461443622,9,2022,False
3.21966966,40.64897354738914,-7.725061708528208,9,2022,False
2.25186207,40.98702400404796,-8.052096331034956,15,2022,False
70.97639683,40.65220575327053,-7.604748423406997,9,2022,False
1.33181424,41.09058744020384,-7.979562100945281,-1,2022,True
7.92258184,40.66682918896994,-8.053521800541482,-1,2022,True
11.8365889,41.09434697130775,-7.981046540653707,-1,2022,True
3.04542082,41.02665101319781,-7.866492316316328,-1,2022,True
75.1776258,40.65383501477046,-7.593986591018199,9,2022,False
0.0876007,40.572489561562456,-7.643399888859255,9,2022,False
0.02922849,40.57377450411775,-7.6416092606603465,9,2022,False
2.11611218,40.51642886090629,-7.870614939874571,9,2022,False
0.37620879,40.746341731364915,-7.823070640049755,-1,2022,True
3.45062154,40.99796975072227,-7.88714717385166,-1,2022,True
1.82710247,41.03977758499682,-8.06962584164362,15,2022,False
19.61931711,40.60085725802681,-7.734621498002926,9,2022,False
0.57787025,40.6578092294936,-7.93789457032151,9,2022,False
49.31750745,40.50380948954303,-7.827351424498645,9,2022,False
5.30415081,40.62517648053042,-7.696230267994815,9,2022,False
0.00384907,40.559795636956814,-7.833100804744196,9,2022,False
0.0045864,40.5790009674246,-7.634107362845945,9,2022,False
0.01105351,40.61628748685537,-7.7102612079070045,9,2022,False
0.06119929,40.55020686599591,-7.858005638641345,9,2022,False
0.33173304,41.075150771155236,-7.937142198038153,-1,2022,True
1.13629154,40.84904703850418,-7.678489250301404,-1,2022,True
9.20041533,40.60580133808465,-7.73050859136035,9,2022,False
0.04276584,40.58810245864531,-7.867323850745766,9,2022,False
0.01792953,40.58969794848741,-7.8645067509997055,9,2022,False
0.38988361,40.58976455663254,-7.863482508486942,9,2022,False
0.84728963,41.122447677899764,-7.893055360550182,-1,2022,True
18.38897897,40.56520188895286,-7.702686651839581,9,2022,False
1.2607438,40.923589484815174,-7.4714849470394995,-1,2022,True
3.98256305,40.57532843542458,-7.604092811469763,9,2022,False
33.01943811,40.64352185094168,-7.951568482612933,9,2022,False
4.78999675,41.030473310429,-7.617996651468992,-1,2022,True
1.98118715,41.008310796372015,-7.944913888784785,-1,2022,True
4.72633446,40.509430537129916,-7.840714375237004,9,2022,False
6.87966695,40.52981152562536,-7.779000096862727,9,2022,False
1.03835542,41.14369357101973,-7.409711946165658,-1,2022,True
3.29585603,40.96524760012667,-7.859861560769511,-1,2022,True
