AreaHaSIG,lat,lon,cluster,year,is_noise
0.82230127,40.46486011227189,-8.794178133891702,-1,2023,True
0.15947104,40.140574114965766,-8.360948912202755,-1,2023,True
1.50853355,40.875137751872984,-8.264161433404043,9,2023,False
0.01104969,41.140954283351526,-8.54026544330232,9,2023,False
50.54008361,40.94938881447754,-8.042190770803147,9,2023,False
3.76394318,41.69948140176185,-8.264350434415695,9,2023,False
0.89978243,41.975856393434896,-8.558940599359858,9,2023,False
15.33002292,41.78921075256293,-8.715732631253994,9,2023,False
1.62782249,41.13877002464553,-7.844286537855512,9,2023,False
0.50116887,41.66812428615861,-8.49203166962275,9,2023,False
1.8430759,41.24132602547363,-8.691606997679765,9,2023,False
0.60655619,40.93949014584739,-8.026611304742891,9,2023,False
20.4947888,40.95580150850308,-7.926479996327612,9,2023,False
3.04351547,42.02374959082905,-8.151779096487257,9,2023,False
0.71755664,41.24411159412193,-7.94055201988253,9,2023,False
0.6596002,40.893474976891646,-7.847661165232846,9,2023,False
0.60519816,37.978611548960544,-7.60185695235696,2,2023,False
0.9457158,38.323529149881196,-8.760781912682576,-1,2023,True
67.78706107,40.849877112425354,-8.294155938938156,9,2023,False
4.76652148,41.99209536551399,-8.581909243462468,9,2023,False
0.07965729,41.73088841950126,-8.334922621816697,9,2023,False
1.50217744,41.739744650890174,-8.351120814836726,9,2023,False
1.01064331,41.953276522747174,-8.424572416521059,9,2023,False
12.90007443,41.99944273912564,-8.584917788960649,9,2023,False
1.03825669,40.30850623579841,-6.935509331161122,-1,2023,True
1.87863415,41.73000831409429,-8.390281362903139,9,2023,False
1.54215032,41.856518671386404,-8.382089306014567,9,2023,False
0.57502395,40.852144518879285,-7.78008340082361,9,2023,False
8.13861868,41.70150156387709,-8.518377235149082,9,2023,False
20.50644956,41.748485358435246,-7.9508144766005024,9,2023,False
113.26876122,41.00116821429213,-8.001307778928219,9,2023,False
4.78249057,41.74625516546568,-8.47336041961071,9,2023,False
9.99091375,41.5163204986483,-8.08133158798366,9,2023,False
62.6427746,42.08865053941054,-8.219327346861691,9,2023,False
3.35596664,40.994763010044736,-7.966582125252021,9,2023,False
7.25242607,40.97106714066126,-8.00644524216165,9,2023,False
4.50864584,41.64277955781964,-8.176720736704967,9,2023,False
3.32449692,41.66806335462621,-8.130067900929113,9,2023,False
6.85036975,41.817128183661495,-8.517067734262039,9,2023,False
5.21664069,41.662211002151885,-7.811293586578314,9,2023,False
5.61794114,41.80319547086578,-8.526902557989441,9,2023,False
0.78618336,41.42863922818894,-8.225118899132317,9,2023,False
9.13469753,41.56654790141911,-8.08365940739439,9,2023,False
12.67872751,41.93276572453388,-6.906448756292955,8,2023,False
45.03009683,41.58942957239821,-7.99470750933838,9,2023,False
2.90355462,41.65888412806659,-8.649806051860107,9,2023,False
3.12429304,41.59139866222752,-8.154936238623096,9,2023,False
1.17345426,40.97044733269543,-8.071689571923383,9,2023,False
21.02987789,40.87556005856311,-8.282516663191139,9,2023,False
1.0073812,41.663087802681346,-7.780769634634258,9,2023,False
1.68934632,41.855638775444525,-8.386120160094519,9,2023,False
2.65403712,41.53840031046537,-7.957748183184531,9,2023,False
7.16536879,41.69291843077597,-7.984317811047663,9,2023,False
39.72402055,42.015154884663545,-8.14136844273571,9,2023,False
31.86359721,41.57900563394085,-7.96292771708493,9,2023,False
4.00810206,41.69705269279211,-7.8559528759246,9,2023,False
5.02634448,41.70947324241881,-7.8746297941252745,9,2023,False
2.15898082,41.8854915217503,-8.316106489771625,9,2023,False
13.81690414,41.84358794904279,-7.9271579585925425,9,2023,False
1.68747834,41.49755083193517,-8.203321060725651,9,2023,False
1.01935831,41.2741377006322,-8.325473882592304,9,2023,False
5.02984023,41.658852974667255,-8.159354467941345,9,2023,False
12.19368932,41.89251611374481,-6.750703192407382,-1,2023,True
3.75544729,41.003502726723724,-8.037813221010087,9,2023,False
1.31230543,41.35283024742176,-8.249304246495825,9,2023,False
14.31129571,41.65987170569602,-8.125639092093923,9,2023,False
4.02829329,41.68599881491425,-7.836398141125371,9,2023,False
21.84523352,41.49090355578988,-7.777053819180237,9,2023,False
0.6308326,40.545458761406344,-7.8832540993009586,7,2023,False
74.44089996,41.86925301208785,-7.928196140663441,9,2023,False
197.76037345,41.67221099750195,-8.227757488753205,9,2023,False
12.61624532,41.72668884842902,-7.847897366545629,9,2023,False
50.09400412,41.67152267769455,-8.100498289116805,9,2023,False
3.55992844,41.720692526076206,-8.27900720891401,9,2023,False
2.00389379,41.66384505455088,-8.120927539920336,9,2023,False
2.75617498,41.92541602043828,-6.92674173258176,8,2023,False
2.45442723,41.001141015696085,-8.039091411700692,9,2023,False
28.15487846,41.709307313704386,-7.895433028190765,9,2023,False
0.91489668,41.57168517028651,-7.580946258333973,-1,2023,True
0.71555929,41.685126410851105,-8.161913620549575,9,2023,False
2.49865128,41.425145785606944,-7.638243706533335,9,2023,False
2.16280515,40.33552579754692,-6.984649353208273,-1,2023,True
25.3890408,41.99245695449611,-8.571183740166182,9,2023,False
43.78830042,41.00760230554163,-8.078236382950447,9,2023,False
0.50061076,40.96151404225691,-7.875385822235918,9,2023,False
0.79019363,41.89299966655288,-8.383691621434519,9,2023,False
57.3246503,41.931388737924586,-8.567835351749192,9,2023,False
8.73100981,41.9492116356505,-8.57443382066724,9,2023,False
1.44493254,40.99265775916533,-7.960834447957949,9,2023,False
83.15344695,41.83148822501964,-8.724942558188568,9,2023,False
10.96521972,41.66416286813806,-8.132522987927851,9,2023,False
6.20488174,41.72266693840402,-7.991706546164621,9,2023,False
3.42898636,41.70562897734715,-8.517859104009112,9,2023,False
0.12473632,41.73301872016565,-8.331788561322835,9,2023,False
14.40699692,41.323330893586956,-7.826635524466685,9,2023,False
2.96986289,41.27531408765613,-8.661418604502655,9,2023,False
39.00301912,41.65315005460831,-8.13801889175208,9,2023,False
3.17177387,41.40896193646568,-8.252665406850104,9,2023,False
1.15559611,41.549596727967256,-8.515454790486192,9,2023,False
17.28075257,41.64070173850089,-8.251819184833563,9,2023,False
2.93097452,41.73177114355734,-8.469968159425092,9,2023,False
5.61218699,40.880057095892376,-8.265371008069174,9,2023,False
0.65835933,41.75783909850317,-7.201903624144758,8,2023,False
1.29169309,40.922362459825386,-6.92792168310082,-1,2023,True
3.06839429,41.787951850198965,-8.36669996063832,9,2023,False
18.40403126,41.651809244272414,-8.143880139459634,9,2023,False
19.07984455,41.626776999529866,-8.25343029703446,9,2023,False
2.81892636,40.974966902645136,-8.468392526501033,9,2023,False
3.09208768,41.68367289559811,-8.316079609024552,9,2023,False
10.09454306,41.47920737332121,-8.038745516838611,9,2023,False
0.74290108,41.7260745667716,-8.324044756196487,9,2023,False
1.38728473,41.093028771882125,-8.223207994814256,9,2023,False
2.7201765,41.03605875654453,-7.463198736770287,-1,2023,True
17.27016522,41.88034587662378,-7.0856728592267215,8,2023,False
0.7727274,41.34805430450756,-8.25109617322602,9,2023,False
3.80060089,41.7023248640527,-7.985241376927959,9,2023,False
0.82096363,41.55074295007726,-8.514394909693854,9,2023,False
16.61514756,41.60594043428468,-8.158168784370195,9,2023,False
94.38720263,42.0975553849566,-8.218849926968025,9,2023,False
4.43164461,41.74533210783571,-8.471697372050881,9,2023,False
10.73222051,41.631509344480335,-8.254611654109354,9,2023,False
1.56842009,41.636060238178366,-8.209766566136386,9,2023,False
0.40448511,41.766034272654814,-8.368238396662141,9,2023,False
4.59062337,41.01211218089927,-7.820826156128529,9,2023,False
23.41417143,41.43598159970614,-8.104019852700342,9,2023,False
4.50433201,41.63548281808098,-8.22544742397619,9,2023,False
17.20769076,41.61192486809287,-8.123589794202417,9,2023,False
6.07649553,41.29753095842453,-8.631610393412778,9,2023,False
1.46267362,41.5657005944819,-8.140111544382359,9,2023,False
10.55385956,41.60790183098734,-8.164255294364207,9,2023,False
16.84177798,41.68780124324501,-7.9033220531028965,9,2023,False
10.64318956,40.363806326312904,-7.181644033402838,-1,2023,True
5.29028916,40.9657688294522,-8.063666084636779,9,2023,False
0.96982545,41.632863443737854,-8.251019475047087,9,2023,False
1.27962304,40.971214774441364,-7.887143931285394,9,2023,False
1.20261584,41.608751355847325,-8.522732849605491,9,2023,False
34.44848396,41.0799429457421,-7.865764926280351,9,2023,False
3.39046028,39.11061889607218,-9.03040402455446,6,2023,False
4.12313733,41.6355911225555,-8.23110050513019,9,2023,False
1.43941144,41.72618280607286,-8.617892614170252,9,2023,False
57.35106697,41.55108412724681,-8.116214975721222,9,2023,False
0.56880834,41.39663383165992,-8.066866653438055,9,2023,False
52.19657739,41.77589331069676,-8.284505438089035,9,2023,False
0.09152087,41.078204703813505,-7.800999054766276,9,2023,False
14.48674997,41.68412721093177,-8.322155718547378,9,2023,False
0.67455376,41.47145735048949,-8.582025327265825,9,2023,False
3.35686159,41.25287954935496,-8.275896388698124,9,2023,False
0.29944563,41.31393188988161,-8.182806216431189,9,2023,False
7.37127218,41.568242516509784,-8.085883262398923,9,2023,False
31.98173565,42.10854628634934,-8.20247814428895,9,2023,False
1.11614902,41.776652315764245,-8.360875859697215,9,2023,False
0.09978426,41.727566360946895,-8.441819536279016,9,2023,False
1.18396487,41.73402274767039,-8.60615644336617,9,2023,False
2.3472136,41.7003832626294,-8.43318484841199,9,2023,False
0.20321758,39.50742371651712,-8.17912937295567,3,2023,False
20.15744207,41.608393851973275,-8.110735222038832,9,2023,False
1.20759526,41.17535089571977,-8.10032326498343,9,2023,False
5.26816917,41.416649316735146,-7.63109084462198,9,2023,False
50.31162104,41.435854211236865,-7.8863679625393015,9,2023,False
1.89295539,41.950455324278444,-8.377299195937331,9,2023,False
1.47158764,41.341132697307394,-8.260776339806876,9,2023,False
27.56200648,41.7010924567325,-8.226378955584158,9,2023,False
0.13894706,41.21048940622047,-6.739369516669106,0,2023,False
3.53524657,41.508673744679754,-8.042490777672096,9,2023,False
2.23582075,40.897341929854576,-7.820387395630808,9,2023,False
2.01917552,41.02791325923588,-7.930196527688013,9,2023,False
0.19042764,41.00724095601246,-7.8883290427396044,9,2023,False
18.772258,41.56273465944582,-7.963915565509451,9,2023,False
4.3570532,41.59349461896283,-8.122540454231876,9,2023,False
4.8920753,40.50597137626328,-6.995079362895389,-1,2023,True
4.94814434,41.765900939894394,-8.245678020523993,9,2023,False
1.60834127,41.73818739898846,-8.479985823638778,9,2023,False
4.54509666,41.0070399048603,-8.085665849995182,9,2023,False
16.1698837,41.50124695158227,-8.091304424297288,9,2023,False
115.74169863,40.88320313868842,-8.316438198940727,9,2023,False
2.87285564,41.868780706745966,-8.464454205787973,9,2023,False
26.60512982,41.598385637719346,-7.955660541670668,9,2023,False
0.23423,41.29798352359433,-8.002267087537824,9,2023,False
35.91849624,41.71558761947365,-7.977137931212354,9,2023,False
0.03008753,41.73403470615943,-8.317556229951048,9,2023,False
2.11375258,41.461338591234046,-7.728627934487839,9,2023,False
10.49661098,41.41131783231378,-7.82031421177654,9,2023,False
6.43414001,41.74150609061931,-8.47693383737973,9,2023,False
2.00487223,41.73310520822097,-8.329208600916365,9,2023,False
4.64639795,41.898384504076354,-6.859376797250202,8,2023,False
1.40875635,41.45690828374245,-7.728723147731071,9,2023,False
10.91971961,41.56708506569454,-7.960785634750086,9,2023,False
0.0603592,41.61385848323472,-8.47650152106906,9,2023,False
0.62020932,41.25690322134861,-7.3743006761119965,-1,2023,True
4.60910729,40.32566540211286,-8.479158345978366,-1,2023,True
0.19818237,41.58234968061188,-8.502265763945541,9,2023,False
1.05457392,41.34423069664907,-8.253226915973999,9,2023,False
0.08235928,41.72480656320904,-8.483690633280473,9,2023,False
45.93479923,41.9137003963034,-8.264421162449068,9,2023,False
2.20308448,41.07178883923364,-8.443428291939924,9,2023,False
15.05482355,41.953622980263496,-8.4731228825835,9,2023,False
26.86068224,41.677820847368785,-8.356190467566252,9,2023,False
1.61059504,41.871392176824315,-8.466603619342752,9,2023,False
1.38136762,41.66716191479294,-8.069028195104245,9,2023,False
0.01215541,41.1387781266953,-8.527662076750989,9,2023,False
1.04979595,41.223395543483946,-6.735184810082277,0,2023,False
1.39243043,40.73133561230198,-6.973838627405034,-1,2023,True
3.73042605,41.05168347158188,-8.127243152463354,9,2023,False
1.40733555,41.75945409570445,-8.489292809629852,9,2023,False
0.26820544,41.312147452631045,-8.192786457658952,9,2023,False
0.2930154,41.70656407115845,-8.229810374868809,9,2023,False
5.86767074,40.869717323109406,-8.21730458896149,9,2023,False
4.02298925,41.74782674865812,-8.434956820244373,9,2023,False
4.02855203,41.662577542863254,-7.918436017878129,9,2023,False
27.12473612,41.75588296072934,-8.394616143199435,9,2023,False
3.79590576,41.57896258401191,-8.203713651035894,9,2023,False
14.57115361,41.59449945265914,-8.171579467388487,9,2023,False
0.08032838,41.73630004955336,-8.363468841511093,9,2023,False
9.08436214,40.9976802644124,-8.058842283284768,9,2023,False
0.34629782,41.2717955667256,-8.67642074833653,9,2023,False
143.87934589,41.77961395561581,-8.330043096815755,9,2023,False
0.63144593,40.87987869466521,-8.251600235429814,9,2023,False
0.08634486,40.495330309471306,-7.982927281903992,-1,2023,True
2.24067128,41.513289365352804,-8.031680463267016,9,2023,False
1.6681442,41.46174531634507,-7.691149527756488,9,2023,False
26.05395455,40.92566672653224,-8.041270505768631,9,2023,False
0.61603976,40.82820060013979,-8.418642876964213,9,2023,False
11.66210932,41.3621112012602,-7.83346789660825,9,2023,False
11.6236452,41.759489851484936,-8.533453389337334,9,2023,False
0.50508399,40.64726047446279,-7.701296046994722,7,2023,False
1.83919973,41.80038602244396,-7.285422901204554,-1,2023,True
18.36090464,41.77255180853713,-8.337316395518892,9,2023,False
0.92702806,41.757997094767845,-8.443635617469496,9,2023,False
0.67937065,41.57474848592895,-8.211336219876499,9,2023,False
1.26485401,41.684636959134664,-8.201640966632974,9,2023,False
1.72085761,41.57921952701798,-8.093910516167686,9,2023,False
2.47697515,41.415228052272994,-7.821312581080626,9,2023,False
25.84659323,41.020750171023934,-8.162069322971783,9,2023,False
4.31933987,41.13930308879314,-8.373243648614448,9,2023,False
1.65865261,40.94522876619066,-8.439214893160738,9,2023,False
1.07677135,41.729491700398874,-8.443749531591443,9,2023,False
3.92747446,40.98137154313362,-8.45063338902151,9,2023,False
14.9198305,41.689361270154684,-8.035191945310201,9,2023,False
9.37524923,40.93533728894376,-7.956621902002358,9,2023,False
0.51549508,41.33995699905266,-8.459227144395005,9,2023,False
1.35970428,41.740808630563166,-8.506871672719193,9,2023,False
4.69038992,41.377063290441825,-7.824473393797906,9,2023,False
12.93478649,41.67140790319485,-8.11840798662544,9,2023,False
45.29182563,41.66473461814351,-8.143633345164506,9,2023,False
2.52486922,41.894008147544106,-8.492117507187821,9,2023,False
8.66712069,41.59165470677629,-8.206067270295216,9,2023,False
1.43310763,41.99505364393635,-8.58544234821571,9,2023,False
0.23570474,41.729243739863534,-8.471879135233237,9,2023,False
5.03831563,41.31992986412601,-8.383904428678942,9,2023,False
6.13293517,41.3301418398131,-8.289010175176097,9,2023,False
6.96808785,41.45338307243847,-7.743096378129062,9,2023,False
0.99653271,41.73283639225486,-8.448170708652736,9,2023,False
0.56175053,41.57944611216652,-7.899930737799233,9,2023,False
0.69283096,41.62436479362424,-8.129675659743109,9,2023,False
0.07621547,41.004524693275215,-7.746378093415119,9,2023,False
12.30698637,41.79044047162661,-7.822562048638819,9,2023,False
1.09048799,42.01098920357219,-8.309816956667166,9,2023,False
57.87717488,41.553380505797406,-8.156223956285107,9,2023,False
1.53430613,41.56359939256251,-8.141661242041657,9,2023,False
1.15543821,41.610985853646724,-6.778506399347222,-1,2023,True
0.10802053,41.761924643269225,-8.328037594104147,9,2023,False
1.07718839,40.891696556847315,-7.9212141654873145,9,2023,False
3.70592699,41.002403844621746,-8.075372844192811,9,2023,False
0.05147393,41.74683513193332,-8.358333720431412,9,2023,False
27.31251879,41.729759947684165,-8.378505928269675,9,2023,False
4.31120877,41.87526922093614,-7.642951927628646,9,2023,False
11.5225628,41.755566693736064,-8.315273311420382,9,2023,False
1.22785726,40.768294287852896,-8.00661898975811,-1,2023,True
0.8989975,41.260766235558805,-8.157473614847559,9,2023,False
4.42230592,40.8679832216456,-8.143025043042979,9,2023,False
10.58665057,41.04080376312006,-8.12689905491345,9,2023,False
1.43247367,41.05260952156745,-7.878648118890726,9,2023,False
4.02422048,41.717765084817124,-7.970588576818523,9,2023,False
8.96480968,40.929454940804206,-7.927357760295534,9,2023,False
3.00549875,40.94777240382298,-7.924226642898306,9,2023,False
4.21270667,41.56633920359094,-8.081509648221779,9,2023,False
1.8675542,41.12509626043208,-8.32731926434396,9,2023,False
227.00126095,41.68550115189403,-8.347714333382752,9,2023,False
2.029439,40.99093078624343,-8.102507564067366,9,2023,False
2.15164991,41.274620353960024,-8.421881169483854,9,2023,False
0.0976954,38.872343964053265,-7.223526092797173,1,2023,False
4.71165405,41.579935107469915,-8.161850190015626,9,2023,False
0.03272191,41.43856494099931,-8.721829600618713,-1,2023,True
4.76177773,41.688887057289634,-7.820550279910595,9,2023,False
21.50365698,41.75531295537241,-7.91328032425255,9,2023,False
2.21707924,41.22442055447893,-6.752423617582029,0,2023,False
4.43387069,41.29567111406471,-8.274168082035247,9,2023,False
0.24116528,41.757051975849436,-8.38254984264619,9,2023,False
0.25765702,41.47051666306265,-8.210206826080675,9,2023,False
0.73366854,41.76656678008482,-8.25582987297738,9,2023,False
2.0203518,41.66483968249657,-7.835606426092351,9,2023,False
1.36342916,41.736453052632925,-8.363000507792512,9,2023,False
22.08885166,41.78920964511873,-8.707302650688398,9,2023,False
22.47353996,41.901773342742835,-7.142142054855586,8,2023,False
1.03095195,41.70541047019263,-8.29109624171156,9,2023,False
0.9783854,41.75279788082629,-8.313387487967592,9,2023,False
38.91705795,41.856399648082444,-8.334508382480603,9,2023,False
19.40336302,41.74896623759594,-8.349174524601974,9,2023,False
2.30000788,41.66617676313972,-7.2425487712356,8,2023,False
4.50664106,41.822966132924144,-7.732691278349352,9,2023,False
66.85224951,41.68934906199282,-8.268394395504941,9,2023,False
98.428558,41.59454647023968,-7.985311061457109,9,2023,False
0.50075976,41.737710222352945,-8.316790192848638,9,2023,False
0.06253338,41.765301029688096,-8.26065949870082,9,2023,False
0.6424615,41.80894231050241,-8.374119986362714,9,2023,False
29.73264012,41.72599456217761,-7.842475932043316,9,2023,False
29.68886306,41.81173881552841,-7.772581235984682,9,2023,False
18.46488474,41.76004984085197,-8.340670399814073,9,2023,False
1.40294824,37.3132931021249,-7.4509988004622,-1,2023,True
3.88699333,41.68735198254138,-7.821888165852866,9,2023,False
1.13325231,41.44068682672388,-7.736467172432552,9,2023,False
5.35300744,41.045751289198705,-7.901955627889174,9,2023,False
1.44825821,41.77736925162621,-7.28728964784971,-1,2023,True
1.70075502,41.67116200294647,-7.790427137979544,9,2023,False
1.47304705,41.35788542697492,-8.114008919202652,9,2023,False
216.45024042,41.499890656654195,-8.053909624170652,9,2023,False
1.25036759,41.731170276991136,-8.263160901287327,9,2023,False
3.48970769,41.58018622732049,-8.198718649122803,9,2023,False
1.92995545,41.77058002724537,-7.3145538636107466,-1,2023,True
80.06961531,41.80352516726339,-7.777774012299149,9,2023,False
2.84546596,41.81600837824937,-7.552330039103417,9,2023,False
3.26054703,41.98883272748422,-8.548706790431678,9,2023,False
3.02385599,41.40155585761193,-8.182160358712776,9,2023,False
27.72171796,41.97204661463603,-8.265726130408135,9,2023,False
1.73917582,41.423182348609195,-7.84968905237367,9,2023,False
12.18576412,41.038892411059194,-7.973164344476756,9,2023,False
1.13735179,42.05462315592085,-8.267628896733113,9,2023,False
113.44782823,41.73006297880361,-8.067999050182594,9,2023,False
10.35747877,41.902771476620025,-8.475709218933192,9,2023,False
0.56729552,41.064903714916355,-7.86661311909382,9,2023,False
0.76458644,41.05012057077959,-7.984374241933537,9,2023,False
0.10140085,41.73415222304274,-8.215689209262695,9,2023,False
55.34499215,41.74437907098587,-8.3394595856956,9,2023,False
4.19108323,41.46396401945188,-8.094607706135045,9,2023,False
9.85620142,41.814596142877875,-7.548401346564222,9,2023,False
91.24646408,42.05603655923054,-8.184128162041214,9,2023,False
7.32657213,41.919450984416905,-8.419398439861967,9,2023,False
0.02689979,41.7067800431701,-8.294959125664134,9,2023,False
0.58027703,41.75746560582376,-8.84661048210814,9,2023,False
208.76724569,41.77003534261884,-7.898081675730536,9,2023,False
10.33353803,42.01682729832557,-8.598867684025313,9,2023,False
1.00157036,41.74309460793498,-8.839169764366618,9,2023,False
0.49898728,41.29324034556962,-8.188117220883354,9,2023,False
1.16155268,39.29710100267428,-9.250747192167623,-1,2023,True
1.09865672,41.73058203853441,-8.568622965153576,9,2023,False
1.30026905,41.294151437435325,-8.12208340317353,9,2023,False
0.3850899,41.36851920930671,-8.284350345181648,9,2023,False
10.17004661,41.00067718994554,-8.060824946272584,9,2023,False
1.50629689,41.59770089724131,-7.38558326616908,-1,2023,True
0.9758457,41.767229243432645,-8.349894250697027,9,2023,False
3.486508,41.799232099014425,-8.352151302975592,9,2023,False
2.17133149,41.90254088763618,-6.990975241640732,8,2023,False
2.38049157,41.5592296774302,-8.140027387876795,9,2023,False
25.98886892,41.30593474325573,-8.278336265824803,9,2023,False
16.56537638,41.88716581536906,-8.368111425546477,9,2023,False
1.33433146,41.50975682980143,-8.040131022631437,9,2023,False
6.31024052,41.67251195287519,-6.783121000367038,-1,2023,True
0.33281908,41.54699996278484,-7.990843459595529,9,2023,False
23.57664963,40.96210556338578,-8.020383068074226,9,2023,False
55.70506965,41.13270573065295,-8.020788016648918,9,2023,False
0.51123943,40.89604167685597,-7.885774817874632,9,2023,False
3.47919898,41.131055319686915,-8.070419365129716,9,2023,False
44.76919231,41.66127399849268,-7.896546925249971,9,2023,False
138.61369995,42.01466008898182,-8.195906666799939,9,2023,False
5.50217892,41.95570498504524,-8.60138496614359,9,2023,False
1.36284702,41.020466594820434,-8.160822897937539,9,2023,False
1.69254919,41.67867532837085,-7.999641891712399,9,2023,False
1.14343592,42.111004779814415,-8.22063882042855,9,2023,False
1.25415716,41.37503192720769,-8.529985726209578,9,2023,False
0.00132424,39.432760052176306,-8.186385562721279,3,2023,False
27.49423443,41.76715076788634,-7.958810414012323,9,2023,False
2.63413283,41.688612418264114,-8.08387888613112,9,2023,False
0.42952641,41.384624256794616,-8.235440335958437,9,2023,False
6.02339247,41.79635213180977,-7.799896283307565,9,2023,False
0.57546042,41.25559933251609,-8.367133632682695,9,2023,False
10.59859454,41.97500960975627,-8.449637303487503,9,2023,False
7.8408802,41.24159403736651,-6.709453670611142,0,2023,False
13.78802885,41.62936083290094,-8.242672556245966,9,2023,False
0.08300696,41.7099901329307,-8.233137782911186,9,2023,False
16.08631386,41.699515353600404,-8.223970360073169,9,2023,False
3.83615174,41.82762158039288,-8.534521963805902,9,2023,False
1.80755803,41.642457336574076,-8.208005042172964,9,2023,False
39.72451228,41.840011272922986,-8.56983323406738,9,2023,False
2.34251371,41.873053856989245,-8.445403128132801,9,2023,False
0.23390435,40.513470791017646,-7.866238501307243,7,2023,False
3.42196519,40.97764424146112,-8.134195872782795,9,2023,False
0.01519369,38.63785707541892,-8.561447340767922,-1,2023,True
0.00655367,39.40817834609064,-7.615150275249971,-1,2023,True
0.53285293,40.751134984834216,-8.031238809942073,-1,2023,True
0.76937267,40.336765100013125,-6.985566470706552,-1,2023,True
0.123379,41.65443928512702,-8.493981487503461,9,2023,False
1.75526837,41.57332931716004,-6.320775456489035,-1,2023,True
4.9282556,41.03699077453271,-7.881415695488913,9,2023,False
21.70540403,41.69827906859921,-7.961366915822714,9,2023,False
0.26181283,41.07328491424487,-8.42401970852754,9,2023,False
2.57814015,42.038027248202866,-8.541096912847838,9,2023,False
2.15466154,40.889276360565795,-7.908752083436357,9,2023,False
0.54954999,41.48300646611466,-8.512905057571892,9,2023,False
26.33543993,41.81513506553609,-8.004656801961032,9,2023,False
1.13934228,41.57015498740078,-7.312482575647162,-1,2023,True
0.0399365,40.91398229682281,-7.989094341276087,9,2023,False
3.08835406,41.59887714864469,-8.555916798398322,9,2023,False
0.81972313,41.39694004216612,-8.028353458986487,9,2023,False
1.59342289,40.959220478517295,-7.924554035428636,9,2023,False
2.44947939,41.57984043900727,-8.06104621370609,9,2023,False
16.31019318,41.61028176737008,-8.184746162326629,9,2023,False
2.59491473,41.05260771986289,-7.927925081295611,9,2023,False
1.41582082,41.680236755816665,-8.6417371056492,9,2023,False
2.50332619,41.66072955994404,-8.134625922415957,9,2023,False
0.78234542,41.04594440370427,-8.466096522943998,9,2023,False
11.62793642,41.67245235289504,-7.803217985806826,9,2023,False
0.85426496,40.966371627158004,-8.061288320063834,9,2023,False
1.26182485,41.592591764273905,-8.23653767920652,9,2023,False
0.03624474,41.19280219704975,-6.935074842935506,0,2023,False
3.76560497,40.877976600914536,-8.269806151897145,9,2023,False
2.47677656,41.68604785091383,-8.303053926785497,9,2023,False
2.19250401,41.65819257343016,-8.51229000400444,9,2023,False
7.79464091,41.56059354484368,-8.05496013614604,9,2023,False
0.32357031,40.97905044680268,-7.84311554327327,9,2023,False
23.81673521,41.1128810462613,-8.190319297736927,9,2023,False
0.972785,41.35343626372093,-8.321434092228682,9,2023,False
2.20157202,41.7067300982094,-8.388175829620254,9,2023,False
1.10397754,40.49113897697861,-7.678745660473976,7,2023,False
2.92296308,41.6589841716233,-8.117070717204083,9,2023,False
0.44401813,41.28746805168392,-8.22029565844699,9,2023,False
4.00325936,42.06455226634067,-8.336245380257846,9,2023,False
2.70236226,41.82892556491487,-7.069277675105918,8,2023,False
0.61275116,41.38277970790359,-8.060311811003368,9,2023,False
1.89571528,41.563522693157914,-8.121613325076076,9,2023,False
24.83015874,41.77927500035152,-7.844075501782449,9,2023,False
3.30724631,41.841175382644806,-8.536822144916389,9,2023,False
5.10648102,41.93702321713101,-8.452759325948398,9,2023,False
0.48952587,40.898281236538544,-8.319196128521892,9,2023,False
0.53065605,41.47176738732565,-8.58173998141504,9,2023,False
4.73487148,41.89221782189582,-8.415118288926692,9,2023,False
0.6179865,41.3583336057256,-7.433128472266209,-1,2023,True
0.57951887,40.59532316930568,-7.985944058225247,-1,2023,True
1.20429085,41.70005651613042,-7.237811878928119,-1,2023,True
1.95722847,40.517179191647436,-7.732260486383661,7,2023,False
2.61122164,41.72454986251021,-8.05992146343394,9,2023,False
0.50477266,40.27845560496891,-7.570488746814505,-1,2023,True
0.80336331,41.05373598335452,-8.528557902808124,9,2023,False
2.14471238,41.53656136753084,-7.847747543625023,9,2023,False
14.9930001,41.863930951514774,-7.746148410882237,9,2023,False
2.85565232,42.06664574854878,-8.236471842495408,9,2023,False
4.01811816,41.73658934258984,-8.472931022228723,9,2023,False
4.58172099,40.86349646562611,-8.257896129428767,9,2023,False
2.40845057,41.75997822702712,-8.379501089250475,9,2023,False
25.84335653,41.55323246401868,-8.122567398063596,9,2023,False
10.5459023,41.94105906013401,-8.590127091510725,9,2023,False
11.73743653,41.55803252300139,-8.109981168312348,9,2023,False
3.03034063,41.65055141920324,-7.76520409880396,9,2023,False
0.67358525,40.98961319725648,-8.13940564103514,9,2023,False
0.17581128,41.095625144562725,-8.179034623159092,9,2023,False
3.06348145,41.124652164479585,-8.250759955125195,9,2023,False
1.50173007,41.602697355439055,-7.400805007381168,-1,2023,True
51.86506913,41.24666872062988,-8.339293987573209,9,2023,False
4.59200272,41.56264301522088,-8.255816487417942,9,2023,False
7.51041744,41.647739622893965,-7.763528188658297,9,2023,False
1.24213374,41.249574607992955,-8.362086022617467,9,2023,False
16.07823724,40.970890566583684,-7.843363958506723,9,2023,False
0.92590209,40.697763277995854,-7.9571114185691885,-1,2023,True
0.00100879,41.75777553390286,-8.362223859725683,9,2023,False
4.67598631,40.97673952689522,-7.839625956289786,9,2023,False
4.99190809,41.32712622473325,-8.121846907522748,9,2023,False
0.29521157,41.17369430852326,-8.465530679193673,9,2023,False
17.01798994,40.724985753825955,-7.39461633522154,-1,2023,True
4.23860021,41.5920860053859,-6.637510944784185,-1,2023,True
4.62957181,41.97448127948135,-8.294673120181104,9,2023,False
0.03286606,39.56267415719275,-8.236414095554583,3,2023,False
1.99837376,41.71895655612265,-7.619265526638985,9,2023,False
5.80259498,41.70012613037758,-7.9146104685761545,9,2023,False
2.02886791,41.56206251899047,-8.14392539176392,9,2023,False
17.47166976,41.0557896288869,-8.088166184949099,9,2023,False
1.31222302,41.478768899957004,-7.784365420478552,9,2023,False
0.83463014,41.64731477948346,-7.718051695283594,9,2023,False
2.00262762,40.967954413067204,-8.022217061021056,9,2023,False
67.63844726,41.85752381029937,-8.372445924806305,9,2023,False
1.35598616,41.75172053801604,-8.222104278698186,9,2023,False
11.89434703,41.0519280642146,-8.082109274262207,9,2023,False
0.05757053,40.91123446464038,-7.994755182691187,9,2023,False
0.44188108,40.90886566837779,-7.997632768372867,9,2023,False
0.20455754,41.23877309122681,-6.696795255296778,0,2023,False
0.44378311,41.21522962735159,-6.743053962286943,0,2023,False
0.62876136,41.217460645796585,-6.739367126245631,0,2023,False
0.6703155,38.61446568857548,-8.995480148525619,5,2023,False
2.94459138,41.75848438146716,-7.507398376390829,8,2023,False
2.71905266,40.389593757278845,-8.53824983567208,-1,2023,True
0.73352631,40.71323697692835,-7.280192299568102,-1,2023,True
2.97623019,41.19250103085831,-6.766039173923068,0,2023,False
15.03158955,40.363289280715804,-6.876977659211236,-1,2023,True
1.52150133,40.69885927838714,-8.002604349307761,-1,2023,True
1.30715882,40.481147606148085,-7.845703694941612,7,2023,False
0.70672048,41.65977639072079,-8.133360165682015,9,2023,False
0.06637429,38.87118326460998,-7.1807699658286905,1,2023,False
5.04101175,41.02996097891977,-7.458117068333434,-1,2023,True
0.50638328,40.31956137196295,-7.468516965795093,-1,2023,True
1.06865282,40.860391457128785,-8.2578417627451,9,2023,False
0.14141175,39.46539418503255,-8.036388777337764,3,2023,False
0.595108,39.172352115461294,-8.862654220817312,6,2023,False
0.68755904,38.314428967472416,-8.748549318552799,-1,2023,True
0.0285615,39.46108155788285,-8.12218748444546,3,2023,False
0.01040761,41.043283226781135,-7.435377251989965,-1,2023,True
0.98644553,40.34021839599961,-6.921905279278988,-1,2023,True
50.5661207,40.3577184844291,-7.181413042687668,-1,2023,True
1.87008619,41.93336084413127,-6.74566546777421,-1,2023,True
5.33440688,41.5962956287618,-6.4140882952737615,-1,2023,True
1.12678514,38.60361647529642,-8.826416788394235,5,2023,False
3.16458837,40.590205173068334,-8.50573576423596,9,2023,False
1.12614911,40.91774155981829,-7.912716162330985,9,2023,False
0.85290563,40.57815159896653,-8.485254865298456,9,2023,False
1.4934355,39.07827402783942,-8.481285797911983,-1,2023,True
5.8119084,41.74556545930459,-7.283222193685511,-1,2023,True
1.88461348,40.896032488020325,-7.7747966297933235,9,2023,False
0.04559373,40.63264892599877,-7.773640547385091,7,2023,False
1.45456995,41.294827342166066,-8.292351018965602,9,2023,False
1.2367479,41.56917088908617,-8.174940074054593,9,2023,False
0.68369382,41.63536430350599,-8.458240982464922,9,2023,False
3.96832503,38.71732568151897,-8.647066742617026,-1,2023,True
0.76721633,41.04374180403267,-8.477451618083865,9,2023,False
0.71238664,41.5562566938021,-8.084424876559268,9,2023,False
54.09401726,41.4248860242699,-8.2215995765947,9,2023,False
0.66795723,41.64432180896732,-8.226652991664013,9,2023,False
4.44212955,41.66200446660038,-8.12175485948767,9,2023,False
0.08052147,39.41477263846396,-8.187332896805062,3,2023,False
0.5556159,41.32121763353876,-7.7665480483649745,9,2023,False
1.33538372,40.75021932661469,-6.929671563930602,-1,2023,True
0.22595758,39.21457074422632,-8.781886667202265,-1,2023,True
4.61012291,41.793753492646246,-8.357968975859734,9,2023,False
17.57405009,40.98807609953122,-7.9244175973668005,9,2023,False
0.73665854,41.226379482193295,-6.908182694191215,0,2023,False
0.02842675,41.20331619610444,-6.945955044359871,0,2023,False
0.94502314,41.63741123515647,-8.607383275439311,9,2023,False
3.20302537,41.839891133837575,-7.637348453473888,9,2023,False
0.19489778,41.619160878605,-7.628081462353246,9,2023,False
0.85819246,41.11760291053309,-8.478846325787435,9,2023,False
3.63606327,41.7858314646827,-8.399199770288021,9,2023,False
3.6035981,41.663500614883496,-8.117700673734975,9,2023,False
9.42203709,41.30724305466784,-7.855542766404164,9,2023,False
1.85719295,41.04955492332346,-7.868495024700145,9,2023,False
1.64617374,41.15245210633364,-7.925073246674864,9,2023,False
4.10136575,41.673255372418176,-7.730564608378238,9,2023,False
0.61600522,41.50727489281747,-8.540013123070636,9,2023,False
5.46776576,41.496912159015146,-7.525126193816479,-1,2023,True
54.48554802,41.48561888830423,-7.771251247882495,9,2023,False
1.52647016,41.83921853596334,-7.638022002242751,9,2023,False
21.28207872,41.42436917129808,-7.53586578441651,9,2023,False
1.01663956,41.566859609870136,-8.094449743662913,9,2023,False
0.55213025,41.54994539259357,-7.478295001071388,-1,2023,True
0.83678144,41.884140422248144,-6.739788191371056,-1,2023,True
6.3360802,41.87047534873612,-6.9791868158055745,8,2023,False
3.73943529,41.94976368076955,-8.593509908536715,9,2023,False
1.13305437,39.85872923616232,-8.865817964285512,-1,2023,True
4.55663429,41.594224885242504,-8.029136049031283,9,2023,False
3.0228294,41.53923248669912,-7.84253740255,9,2023,False
0.10248854,41.055167089087334,-7.756712336030764,9,2023,False
0.28344698,41.01688112524114,-7.7717500627104945,9,2023,False
2.04227091,41.41921923201943,-8.20834211064183,9,2023,False
0.16166447,40.64351204313445,-7.571967783972433,7,2023,False
26.17753301,41.637815638616715,-7.720139729625751,9,2023,False
2.97378997,41.4097259937208,-8.150801019980193,9,2023,False
0.33531548,41.413818553994865,-8.22004327494508,9,2023,False
1.05909713,39.37693095151819,-8.268402997297175,3,2023,False
0.01031266,38.86312825680588,-7.165639832121292,1,2023,False
0.3313795,41.21554430933292,-6.743648732557171,0,2023,False
11.29978209,41.880552430622146,-6.71716626580304,-1,2023,True
1.14447302,39.54529316542007,-7.896652424019834,-1,2023,True
4.2583315,41.77340889524262,-7.238335974149596,8,2023,False
0.54872057,41.29925323054712,-8.272133380757674,9,2023,False
2.72841027,41.29364342199194,-6.728810329275734,0,2023,False
1.9731894,40.80036398243438,-6.969098312614556,-1,2023,True
0.02029051,39.522835582002834,-8.195345323482917,3,2023,False
0.90533042,40.84813028173576,-7.747013063089187,9,2023,False
0.86467645,41.31552143408336,-7.883602305563746,9,2023,False
27.31855644,41.325154706373596,-8.05976115230963,9,2023,False
0.94854724,41.29803961707797,-8.319865717768751,9,2023,False
4.72781127,40.67202429367321,-7.227569644738786,-1,2023,True
3.25529539,41.20769026529282,-6.897580510793065,0,2023,False
0.89156926,40.72867696000772,-6.841412815382913,-1,2023,True
2.85590613,41.04165792839149,-7.996380725395696,9,2023,False
8.75849118,40.914754785159424,-7.709483492706703,9,2023,False
1.84077739,41.07565002469402,-7.7423814460521685,9,2023,False
54.28606525,41.319975409820465,-8.091453699010021,9,2023,False
1.41003668,41.576534905511465,-8.327363336057855,9,2023,False
1.02534675,41.43131736291771,-8.224347955981832,9,2023,False
4.01482697,41.03331956173947,-7.458049571150435,-1,2023,True
4.03470634,38.19925631381826,-7.327864222263022,-1,2023,True
6.1228226,40.918438614823515,-7.675547441502168,9,2023,False
0.06239654,41.29841150627882,-8.320119720964872,9,2023,False
0.64027678,38.84765619500792,-9.251666294966,5,2023,False
0.06152453,38.891121798126846,-7.145266996575663,1,2023,False
83.93261937,40.55928136320759,-7.350812808696093,-1,2023,True
1.9515386,41.21746313444307,-8.437239547821509,9,2023,False
0.02026195,40.56335043413302,-7.703047796904212,7,2023,False
28.5128157,41.30785667713213,-8.271167173148832,9,2023,False
0.58368812,38.055011986842345,-7.875208606641305,2,2023,False
55.73007536,40.97855188734713,-7.977547747060578,9,2023,False
29.31341095,41.39547858420243,-8.552369895889724,9,2023,False
0.4993541,38.92411847450914,-7.841761310446619,-1,2023,True
70.3451353,41.82132695644707,-7.663940259546653,9,2023,False
0.00473393,38.87860054894623,-7.147550990529527,1,2023,False
30.99460737,41.854272898184846,-7.760881787737691,9,2023,False
2.93573852,41.528013195633896,-8.0911213868028,9,2023,False
1.82742472,41.88363338877888,-7.12668595952947,8,2023,False
59.81727306,41.84157695849769,-7.909093167389606,9,2023,False
18.92140069,41.019489353129295,-7.909481371114973,9,2023,False
7.81932399,41.3045725123142,-8.276058086660289,9,2023,False
16.48220521,41.88615446319577,-6.989000765045395,8,2023,False
2.31982877,41.729498052735565,-7.359712655142568,8,2023,False
36.53438537,41.8778055880216,-7.89969138959491,9,2023,False
0.85795167,40.89209061535345,-7.898946189042001,9,2023,False
0.58026517,41.88466952763162,-6.908482117484889,8,2023,False
1.46641894,41.801117230798795,-7.568578853994355,9,2023,False
0.67492532,41.445130077318915,-8.116769508644907,9,2023,False
27.72526091,40.976726961906344,-8.23059511807109,9,2023,False
1.56733338,41.42339210206211,-8.19784843396181,9,2023,False
14.84451967,41.65047890081211,-8.015525250348958,9,2023,False
2.39328497,40.992987696911726,-7.3440774893597585,-1,2023,True
3.60017342,40.67358963244895,-8.44013137759874,9,2023,False
0.47541943,41.91372695128721,-7.154422989539036,-1,2023,True
1.25169059,41.23180629826454,-8.422625936208247,9,2023,False
28.763859,41.730586355005485,-7.8175450863892655,9,2023,False
1.99959468,41.80441933352817,-7.637172815506206,9,2023,False
2.13788615,41.2191034022236,-8.430263544631865,9,2023,False
0.90252244,41.81319872327778,-8.339479671943915,9,2023,False
0.57443136,41.430928138525566,-8.222094294147599,9,2023,False
38.42040794,41.89207521827357,-7.901741093902405,9,2023,False
13.64313582,41.73462421589358,-8.466026853320788,9,2023,False
0.81459256,41.542755342978786,-7.85192400977657,9,2023,False
0.68071926,41.25503157418962,-8.381029009554037,9,2023,False
9.16535,41.787510744717416,-8.40638558999576,9,2023,False
15.93528395,41.71868704758912,-8.046616424335136,9,2023,False
2.51941741,41.722684821629684,-8.022634399668124,9,2023,False
0.75467353,41.894349821549355,-8.592528532754907,9,2023,False
40.77424591,41.73265538940572,-8.041154559023687,9,2023,False
8.14599178,41.77815250546788,-8.824762021344863,9,2023,False
2.71315752,39.43364181462177,-9.009914552860266,-1,2023,True
32.57174344,41.41978836669169,-8.202818030373995,9,2023,False
90.43441105,41.609960344295445,-8.521841235664967,9,2023,False
1.93319685,41.46071717515769,-8.112724464669098,9,2023,False
5.87320591,39.44308224750893,-9.20330028088096,6,2023,False
6.30172262,41.53965064671703,-7.832129301421075,9,2023,False
0.62861165,41.10475380843784,-7.467982516108942,-1,2023,True
3.06269679,41.885633926667296,-6.908157779698885,8,2023,False
2.59891518,41.4441822769306,-8.116593151533731,9,2023,False
1.00201343,41.786268465276,-8.827526534174917,9,2023,False
18.96347911,41.457782036241426,-7.731405734655357,9,2023,False
84.13486737,40.54210823476884,-7.349504568836576,-1,2023,True
0.27044389,41.318364906961115,-8.051832307467583,9,2023,False
0.80098672,41.85704329626307,-8.222452924853213,9,2023,False
18.09965305,42.013329690858484,-8.592493208266882,9,2023,False
1.11317546,41.6001769597453,-8.115345054641688,9,2023,False
9.89154772,41.88337806504833,-7.12304888054139,8,2023,False
1.18917892,41.88361713994265,-8.640975705895244,9,2023,False
0.95169056,41.80239818184655,-8.389695573815297,9,2023,False
0.01546498,41.68843066322655,-8.43098849984723,9,2023,False
0.33514297,41.07050837420324,-7.843772119287076,9,2023,False
10.93146211,41.61187394352739,-8.164519514839979,9,2023,False
1.5751506,41.91646794138529,-7.014602942075947,8,2023,False
0.51758723,38.61165058723792,-8.700760044273396,-1,2023,True
5.0201768,41.86631393686196,-7.155950046234894,8,2023,False
0.95781204,41.64585800623579,-6.779229698886797,-1,2023,True
1.84005331,41.807315181001634,-8.360006446851132,9,2023,False
2.79529015,41.80867196471585,-8.376240320826223,9,2023,False
5.26030057,41.722679422399956,-8.043896580854607,9,2023,False
4.77819424,41.77276557428208,-8.271096697005854,9,2023,False
1.2732875,41.391912668825256,-8.548496918800508,9,2023,False
0.45958274,41.70875260491865,-8.253587452216061,9,2023,False
6.32941708,42.03307866956047,-8.303195565082422,9,2023,False
2.91273806,41.52872034448337,-7.424529417280681,-1,2023,True
1.68640316,41.5636351587769,-8.118679192404255,9,2023,False
0.61336574,37.90029249900979,-7.287081778794538,-1,2023,True
25.48248789,40.23946523917783,-7.610224806556481,-1,2023,True
1.61395623,39.63765553536266,-8.640523732687768,4,2023,False
1.7404066,39.13111131780649,-9.270702851853223,6,2023,False
3.85570303,41.72217195006407,-7.823956882689073,9,2023,False
0.51478285,37.83654472854315,-8.008920114546026,-1,2023,True
1.90529579,38.434048213055846,-7.658661250503114,2,2023,False
1.33022516,41.40841634017469,-8.334875407972026,9,2023,False
0.03855408,40.60378799401415,-7.851910752182789,7,2023,False
1.78970066,41.241139400472214,-7.2831322893593455,-1,2023,True
1.13803609,41.227051115841974,-7.452164445545126,-1,2023,True
0.06740987,38.02574965919057,-8.689587168861314,-1,2023,True
14.06968425,40.78832781392058,-7.361311356788631,-1,2023,True
0.05112955,39.63294509887877,-8.507902754978394,4,2023,False
1.11009693,41.637553239021784,-8.653562887264062,9,2023,False
27.65325106,41.31254795445765,-8.272069418606167,9,2023,False
9.08615317,41.91365299633501,-8.380039306478988,9,2023,False
1.69631525,41.13277236809711,-8.072586185317341,9,2023,False
2.88003811,41.486566658757795,-8.148452731853325,9,2023,False
0.18783892,38.88878446789737,-7.148039472414379,1,2023,False
2.43146222,41.52242207763918,-7.955555460920399,9,2023,False
0.69171387,41.30257080588534,-6.598967690326452,0,2023,False
1.25161111,41.449753556810094,-8.495629803397337,9,2023,False
1.08397033,41.47206377397195,-8.676512529673877,9,2023,False
14.699485,41.82795411986952,-7.647131901614616,9,2023,False
0.56014936,39.36749541328063,-9.25188858476336,6,2023,False
5.52371613,41.418545988786434,-7.737913810370075,9,2023,False
9.77907691,41.190053857456164,-8.236274769759639,9,2023,False
1.82579542,40.98569847474977,-6.94266482207514,-1,2023,True
0.46500736,41.367736509938865,-8.040429271952009,9,2023,False
7.09671958,41.182848768077974,-8.241667430624283,9,2023,False
1.23107903,40.75314910038018,-8.704992547563469,-1,2023,True
0.69649289,39.12538573883845,-9.021152194803932,6,2023,False
11.54499568,41.30995811028544,-8.281137091682615,9,2023,False
1.56470336,41.78646446371776,-8.401194815692286,9,2023,False
0.68910223,41.295560168645906,-8.294049315585047,9,2023,False
1.86498678,41.80447282266354,-8.383087119302058,9,2023,False
1.15617977,41.44318203033838,-8.11501770139954,9,2023,False
1.04648319,41.254293631803655,-8.686421870976226,9,2023,False
2.60724256,41.90614506104621,-7.155806713774449,8,2023,False
0.94376092,40.94329960827702,-8.43404108378302,9,2023,False
1.37444245,41.66960748987472,-6.704179667533011,-1,2023,True
0.79325517,41.83840802475079,-6.978446932959464,8,2023,False
0.97720657,40.506026445178264,-7.128661894407442,-1,2023,True
0.68062721,39.13556594633365,-8.122054051924689,-1,2023,True
7.33983735,39.27634407230758,-7.677856606654814,-1,2023,True
0.85758446,38.35068940423088,-7.293827599333241,-1,2023,True
1.75719955,38.51339998624271,-7.606480254252231,2,2023,False
0.00683039,39.41755002631646,-8.636404208482654,-1,2023,True
0.17204667,41.25972445792171,-8.057939624215232,9,2023,False
0.55940323,41.28999292568194,-7.803263404058804,9,2023,False
1.5743102,41.02979776376775,-8.467764848170289,9,2023,False
1.3448036,41.76932497488074,-7.127429359280808,8,2023,False
0.6134408,38.001894527689124,-7.752148427709908,2,2023,False
0.00351819,40.550477976676575,-7.761306316659756,7,2023,False
4.23690581,38.256999735052055,-7.27079556107306,-1,2023,True
1.19630995,38.99149627520517,-8.823787736815163,-1,2023,True
0.17414792,38.84420134469303,-7.357442295034497,1,2023,False
29.92408808,41.010695059619714,-7.836725880832778,9,2023,False
0.69109763,41.00788479593179,-7.834075206634901,9,2023,False
0.77383352,41.316965097168485,-8.12092375510608,9,2023,False
4.61408167,41.39194102524097,-8.203552703335594,9,2023,False
1.26119127,41.19460974835741,-8.679458851709596,9,2023,False
8.15888307,37.763094909715605,-8.005457735468283,-1,2023,True
0.02526515,39.562960645658386,-8.239437847715966,3,2023,False
0.02735428,40.58293263148782,-7.6949673140888075,7,2023,False
2.97296004,41.49098280446088,-8.102444138545126,9,2023,False
2.64700938,38.88766208573789,-7.074172111455897,1,2023,False
3.32686191,38.3228860333039,-7.906956731151589,-1,2023,True
2.42667743,41.43685417306183,-7.947649155462264,9,2023,False
1.05610179,41.29084755264187,-8.515324149108011,9,2023,False
0.33897909,41.480452352267285,-8.215143025510248,9,2023,False
0.94948504,41.12908844265085,-8.338903856560723,9,2023,False
7.05185722,41.55702679145838,-8.13902449812542,9,2023,False
1.03828007,41.33120881542807,-8.090649142666926,9,2023,False
2.81405931,41.32135997277625,-8.27735581999769,9,2023,False
1.49860564,41.670410803869046,-8.129281539894688,9,2023,False
2.49283435,41.89979882400378,-8.63723587540787,9,2023,False
1.00349573,41.67064258243596,-8.127607788588072,9,2023,False
1.67695836,41.0260672855664,-7.561382929805018,-1,2023,True
1.37775409,37.80804644871337,-8.289173633302623,-1,2023,True
1.27433824,41.29947941009574,-8.398879723931923,9,2023,False
3.60640801,41.54443142863745,-8.271404523710924,9,2023,False
2.67657533,37.98496451766044,-8.38984640973727,-1,2023,True
28.56329606,41.301152536468074,-8.268217542663933,9,2023,False
1.10870713,37.85210508000233,-8.345573641044028,-1,2023,True
1.6455654,41.30803453840511,-8.46864689346951,9,2023,False
0.5245288,38.10988271349744,-7.30719891654811,-1,2023,True
2.13766051,37.11437642038226,-8.073482458635432,-1,2023,True
0.10597571,38.658912003792445,-7.5312316977408384,-1,2023,True
1.11613754,38.009280348428895,-7.810004313966648,2,2023,False
1.60011787,38.714656601704654,-8.990962482784154,5,2023,False
1.13539288,38.22340579458891,-8.614104953361597,-1,2023,True
0.00122598,38.950789693188014,-7.127022856058689,1,2023,False
1.95362588,38.15255874820342,-7.696600032457529,2,2023,False
1.90857183,38.62545076587906,-8.865586053663154,5,2023,False
0.93085329,38.47824545593808,-7.54638662360551,2,2023,False
0.60840606,39.33082720053028,-7.7942120202261185,-1,2023,True
1.69767117,37.5022299143529,-7.941424183646604,-1,2023,True
2.05140383,41.63795550899259,-7.266688718959147,-1,2023,True
3.49777086,37.81927875776148,-8.32796082000195,-1,2023,True
0.0486282,41.69137770223429,-8.476696695363094,9,2023,False
1.72316955,41.033856439258145,-8.258574309163148,9,2023,False
0.90054802,41.59894465830345,-7.804696199185218,9,2023,False
4.61615688,41.29980844075775,-8.290934186204822,9,2023,False
1.61981532,37.81937431301885,-7.500035056347856,-1,2023,True
0.00016578,39.49971604333348,-7.643322323333389,-1,2023,True
0.24594499,37.839731617219506,-8.619938686732878,-1,2023,True
0.35541109,38.88174981655696,-7.227528965626787,1,2023,False
0.00086397,39.429267610001595,-8.20599633334292,3,2023,False
0.98970364,37.66156737739269,-8.786802544780523,-1,2023,True
0.44884791,38.71889847670812,-9.36250065468388,5,2023,False
0.58954401,37.968566252348275,-8.266353842800536,-1,2023,True
1.16186086,41.06285461268829,-8.167914044111926,9,2023,False
0.61350128,38.29053010475744,-8.553311597986925,-1,2023,True
4.13749171,38.001371257001956,-7.441450068620149,2,2023,False
0.79721529,41.65496501262706,-8.760136401963706,9,2023,False
4.60097073,38.55786541331155,-8.663711625011924,-1,2023,True
20.78759144,38.462438210282635,-7.429251915812767,2,2023,False
1.0693723,39.16944773943346,-8.895658264995197,6,2023,False
0.61383453,39.130538741369804,-7.876548042351581,-1,2023,True
3.0859554,39.01328968771479,-7.716996075502464,-1,2023,True
2.44413029,41.84591294476295,-6.930803167006516,8,2023,False
1.66530907,39.30756411174124,-7.935628939565609,-1,2023,True
5.71652183,38.712255324306184,-8.98934664641606,5,2023,False
1.37773407,41.37634701057828,-8.13305308573615,9,2023,False
0.66909266,41.812452638744126,-8.337526479179314,9,2023,False
30.25287598,41.27503634243763,-7.593226414701131,-1,2023,True
1.89513353,38.79268861583566,-8.627746206241886,-1,2023,True
1.1054219,41.0773464916417,-8.086311229181803,9,2023,False
0.00420107,39.44561247297565,-7.798091806016761,-1,2023,True
0.04530435,39.482305622078144,-8.193720107833803,3,2023,False
1.00939135,38.90428808462731,-8.844740679757225,-1,2023,True
5.34579447,39.40664653938077,-9.167294800656583,6,2023,False
0.06740951,38.838501777067286,-8.569550604233248,-1,2023,True
327.77644995,37.28367619223603,-7.450787732084324,-1,2023,True
0.31351438,38.442352705435916,-9.141375025670273,-1,2023,True
0.85949661,41.458893773432436,-8.079927490117655,9,2023,False
0.93279353,41.05989180150112,-8.546108807727308,9,2023,False
1.11532791,41.86429053450383,-8.197322909424711,9,2023,False
0.08137504,41.64317109905173,-8.508646604171318,9,2023,False
0.69243622,37.647068952516044,-8.770073910426028,-1,2023,True
9.64938345,38.33970925196177,-8.129271383580898,-1,2023,True
0.33880669,37.83993091273645,-8.620131078201917,-1,2023,True
0.49973471,39.183220959202565,-8.065875374001534,-1,2023,True
0.93862053,39.487860235566316,-8.628206341317652,-1,2023,True
1.13936515,41.92795792710719,-8.356675454995031,9,2023,False
5.99398608,40.62359832982264,-8.52823765473351,9,2023,False
4.59127236,41.804437299732214,-8.373338610783431,9,2023,False
5.68576501,37.185554433354994,-8.189618186420999,-1,2023,True
1.14991589,37.111099089693404,-8.154728517256517,-1,2023,True
2.09972353,38.97709081821898,-7.832455028500798,-1,2023,True
0.27183012,41.27822486606053,-7.593718642490337,-1,2023,True
0.43537159,38.06568966665144,-8.664849614718063,-1,2023,True
3.53025511,41.86114029468478,-6.890896553279794,8,2023,False
1.65458519,41.64706735980802,-8.602335919784085,9,2023,False
0.84659098,41.41370393990468,-8.254411037760121,9,2023,False
1.20804873,41.954183193496306,-8.578671492646226,9,2023,False
0.476199,41.86719276291666,-8.185906608768839,9,2023,False
0.79974065,41.43344890837266,-8.100032752653085,9,2023,False
0.37768212,38.93991902602552,-7.663603512440679,-1,2023,True
13.60626645,39.09296959722499,-7.062525145025652,1,2023,False
3.2420163,39.00912593973255,-8.36786626989408,-1,2023,True
1.50315545,41.7589727821221,-8.80402639008149,9,2023,False
1.54117812,41.72838457973487,-8.251114634708511,9,2023,False
1.03522951,41.50220964907167,-8.15357621596813,9,2023,False
3.08057953,37.95680337988358,-7.270703399122183,-1,2023,True
0.66596001,41.50636378665356,-8.174729463587177,9,2023,False
10.86524307,41.451509436923104,-8.079262771040343,9,2023,False
0.00662477,38.78652456434606,-7.212304118317144,1,2023,False
0.17719556,38.908290159070695,-7.16313798475446,1,2023,False
0.77016289,39.15607074509046,-9.365814695350075,-1,2023,True
1.00741111,37.94873701160547,-8.171316904096969,-1,2023,True
1.93600882,38.073516216451694,-7.469997668815086,2,2023,False
1.07146019,40.42501532229116,-7.119020074817715,-1,2023,True
0.65738903,41.35456577319623,-8.367036736166503,9,2023,False
0.5379927,39.06001428769335,-8.515829822967547,-1,2023,True
37.61060656,38.86240009064396,-8.992853182022438,5,2023,False
0.03805148,38.90845710506432,-7.162269112410995,1,2023,False
0.81267897,40.36671544228878,-7.974653238038436,-1,2023,True
2.40888041,41.874842924478635,-8.35360868472991,9,2023,False
7.94440768,38.65171605140603,-9.014764047159701,5,2023,False
1.83380384,39.13453745714384,-8.892527844919153,6,2023,False
0.00424985,39.514480130083875,-8.094850780026809,3,2023,False
0.30220599,39.42604407949123,-8.243842412939214,3,2023,False
25.99705031,41.44500346240603,-8.11533263238491,9,2023,False
0.00489893,38.94424694632616,-7.2031081194150595,1,2023,False
2.53397127,40.58655695298521,-8.543046334707473,9,2023,False
80.37999574,40.5854699182891,-8.552149276283652,9,2023,False
6.99116388,38.91354768163295,-8.796860478721271,-1,2023,True
0.00551037,38.945934891654815,-7.20065818340773,1,2023,False
1.88881428,38.691024258804404,-8.699721576831644,-1,2023,True
7.47135755,41.47453090592567,-8.220882436487692,9,2023,False
3.11381929,41.441651081139455,-8.120928156952212,9,2023,False
8.50281685,38.316294859371325,-7.486567022602037,-1,2023,True
1.11407954,39.03185976215729,-7.0869032592556165,1,2023,False
0.77828803,39.00805130833318,-7.0703652837229525,1,2023,False
3.32010746,41.00678605828461,-8.107650263045917,9,2023,False
15.98994057,38.11745948848455,-8.031939420606372,-1,2023,True
0.05041608,38.762772526408504,-9.226777117519754,5,2023,False
0.49419619,40.26434253635395,-7.437326390130049,-1,2023,True
10.60749557,38.75384914448202,-9.31930041983774,5,2023,False
12.66850269,37.80603628917112,-8.239472941888181,-1,2023,True
0.0060009,39.45504319560979,-8.191894696565086,3,2023,False
4.37043984,38.46061416698441,-8.453262320187156,-1,2023,True
0.41225833,38.87780534719781,-7.154156980550313,1,2023,False
0.85504299,38.87710612553079,-7.154267052777545,1,2023,False
2.18394006,41.80569364765926,-8.372931995939611,9,2023,False
0.09342361,41.16616712517204,-6.783051227733897,0,2023,False
3.19874051,41.54330840007834,-8.257341045537176,9,2023,False
0.00192859,39.514327025739846,-8.09295187466591,3,2023,False
2.17013191,38.684710372658955,-8.922576159014884,5,2023,False
0.6079008,41.23841196291729,-8.570967885629575,9,2023,False
0.36645886,41.088366130486975,-7.9447519772409905,9,2023,False
8.36778065,41.97158440073385,-8.589347071070549,9,2023,False
1.01814228,41.80376706683246,-8.3780595327678,9,2023,False
2.97146938,40.97088796029448,-7.279937389973031,-1,2023,True
0.81830183,41.30609397259604,-8.464272063767375,9,2023,False
0.97539123,41.05981012406486,-8.392271246207878,9,2023,False
0.69804375,40.38193410784163,-8.686445576993858,-1,2023,True
0.25178589,40.02547608457982,-7.118271345238453,-1,2023,True
1.74541581,39.018612453948904,-8.270631231759582,-1,2023,True
0.48947701,41.394039270702805,-8.746163111470407,-1,2023,True
1.99965698,41.48380118709663,-8.32473275606608,9,2023,False
0.50541658,39.00825370935517,-7.069263865416432,1,2023,False
1.98061328,41.44299834573286,-8.121480794281172,9,2023,False
0.39411917,41.6765551288828,-8.63374760491271,9,2023,False
0.0002007,39.46526085666712,-8.203292843333498,3,2023,False
1.15856716,41.092356294971154,-8.517491727682117,9,2023,False
1.5618177,40.40211636252375,-8.646764852080981,-1,2023,True
0.96045472,40.34226956909343,-8.68618110075691,-1,2023,True
1.43410823,41.654667592426506,-7.8060186373403875,9,2023,False
0.43947653,41.224912689656726,-8.525569729376812,9,2023,False
3.87373919,41.59903608200568,-8.15300595021011,9,2023,False
7.58219826,41.65567216190062,-8.027629968179276,9,2023,False
5.86814907,40.324738789544014,-8.61408900492922,-1,2023,True
0.58250066,41.317166462984936,-7.897683360573389,9,2023,False
0.90173016,41.859729660025415,-8.431626577636605,9,2023,False
9.29718225,41.31867633263317,-7.899951435336532,9,2023,False
3.51538089,38.84068313658331,-7.412534620003631,1,2023,False
1.05356004,39.16197373499237,-8.862008205479139,6,2023,False
0.13397107,39.50903408907558,-8.31847951362921,3,2023,False
1.45731621,40.65152214096669,-8.195328340313003,-1,2023,True
1.33634479,38.82081491615205,-9.12764754768166,5,2023,False
7.21849241,41.008132277502035,-7.087678066312284,-1,2023,True
0.0642166,41.60978815817725,-8.23841108778525,9,2023,False
0.40817523,41.525813396574826,-8.091189345044333,9,2023,False
0.44082442,41.478162051791934,-8.164402825240707,9,2023,False
0.6231708,39.43421313154782,-9.147083659363279,6,2023,False
0.74593539,41.20634736704843,-8.343722092898856,9,2023,False
0.70768765,41.06834135872173,-7.661318606552762,-1,2023,True
4.08380155,39.179278672055695,-8.972714413217123,6,2023,False
1.56839018,40.8965411788904,-8.620471566128215,-1,2023,True
0.63308907,41.29101875282836,-8.18034474912417,9,2023,False
17.58933596,40.508941081799605,-7.084319464526965,-1,2023,True
0.93606464,41.192555288784504,-8.674368166825458,9,2023,False
1.13378192,41.17861481943234,-8.114731071760348,9,2023,False
1.63315087,41.204541717899225,-8.3734298191607,9,2023,False
2.01809505,41.7426645078296,-8.845160844557897,9,2023,False
4.35190859,41.77595427924756,-8.641128147134225,9,2023,False
0.91265286,37.045696437481205,-7.8469418819749714,-1,2023,True
1.30728165,39.035282968396636,-8.709944941946615,-1,2023,True
1.99977216,38.83906652227798,-9.136387603653992,5,2023,False
2.18835731,37.94963454945928,-8.855359956111004,-1,2023,True
0.85056854,38.869524632676544,-7.142568869437525,1,2023,False
0.38004241,38.763058165810584,-9.227434412471037,5,2023,False
0.14351661,38.762642921899804,-9.227159768042327,5,2023,False
0.36151687,41.27516387771191,-6.864281288050225,0,2023,False
1.20871257,39.84121823752653,-7.470246021474566,-1,2023,True
0.01246248,40.57957843278681,-7.610986686658558,7,2023,False
3.65054736,38.971224935241914,-9.042211388559325,-1,2023,True
1.40170345,41.16110215670321,-8.25201344074846,9,2023,False
1.27053521,38.394933926238416,-8.491409035252058,-1,2023,True
1.78827706,40.33523160153495,-7.773818054192677,-1,2023,True
9.57215363,41.061708683020434,-7.43385435710501,-1,2023,True
1.5139829,41.43496476051574,-8.116437029135096,9,2023,False
3.38780824,38.96025842099367,-7.678034015930093,-1,2023,True
1.53175218,38.45952336557289,-8.5704210559939,-1,2023,True
0.26773477,38.87461750804363,-7.192684680398995,1,2023,False
3.71347829,38.64832783888922,-7.70087394076194,-1,2023,True
8.56654272,37.83458003692166,-8.11735459741204,-1,2023,True
0.09249131,39.26615619721671,-7.62550171291059,-1,2023,True
0.23086741,39.42957562760493,-8.183361115254327,3,2023,False
0.01184255,39.45229709510539,-8.23519311415051,3,2023,False
0.08934226,39.41609168427573,-8.182378225085348,3,2023,False
0.38908277,41.302308199614025,-8.603723953343033,9,2023,False
1.22364713,38.99129671589062,-8.735300980029164,-1,2023,True
0.40916282,37.269721380745224,-8.316119092281532,-1,2023,True
1.55310394,40.11637924633105,-7.308949532686032,-1,2023,True
0.05394947,41.31002756500558,-8.278704386975956,9,2023,False
0.89540576,39.38258507824177,-8.658338398872644,-1,2023,True
0.51129159,38.43623388775649,-8.503404276684737,-1,2023,True
2.8854523,38.66731438237474,-8.7229469406362,5,2023,False
0.60913531,39.47075069900627,-8.68413635013003,-1,2023,True
0.2386485,40.57191687287502,-7.801709761115364,7,2023,False
2.10706476,38.578521157470306,-8.834285740029435,5,2023,False
0.26481178,38.90321914954534,-9.075087109870251,5,2023,False
0.3804377,37.218626251170754,-8.195934103036246,-1,2023,True
2.98324934,38.377588972545716,-7.352887550815844,-1,2023,True
0.55951872,39.291596693044895,-7.471113241248136,-1,2023,True
0.55952229,38.842217902114484,-7.352801610220898,1,2023,False
1.39893377,40.99186002639531,-8.237075187866655,9,2023,False
0.51989807,39.06495895808247,-9.316661183753215,-1,2023,True
0.66777211,37.1409889247208,-8.510009691176919,-1,2023,True
0.50274805,38.60322544606431,-8.918105094130794,5,2023,False
0.93402775,38.90755558355954,-8.883790822362913,-1,2023,True
2.45355843,37.944288456526714,-7.628094655240962,2,2023,False
1.819186,38.07175474055931,-7.420581410955784,2,2023,False
0.02631434,41.37679491120576,-6.827267445479887,0,2023,False
2.55273759,41.2935785738828,-8.29023125665287,9,2023,False
8.74903724,37.61152605203966,-8.026986200608892,-1,2023,True
1.54356198,39.369338412459285,-8.621534873849715,-1,2023,True
0.29946137,41.38022659046826,-8.189613651243631,9,2023,False
0.64926881,38.060093803665055,-7.251099841631809,-1,2023,True
1.44988666,40.50780629865968,-8.59892346328996,9,2023,False
0.20041379,38.50193951616996,-7.5665265255176735,2,2023,False
0.03611277,39.32482179763919,-8.49625973213877,-1,2023,True
0.12231179,37.8042197158118,-8.538757169734545,-1,2023,True
1.91933761,41.37691625574535,-8.122639421161947,9,2023,False
0.61676143,41.37617418275858,-8.121875905200378,9,2023,False
0.46579312,38.749636397139305,-9.248176995817063,5,2023,False
0.51687793,38.38586607487587,-8.467336094179915,-1,2023,True
0.4991203,39.22526586710026,-7.671740204150145,-1,2023,True
0.64614969,39.3605263527477,-9.294746220541269,-1,2023,True
0.34027592,41.14893541121328,-8.557279167329597,9,2023,False
0.01416396,41.411025969875446,-7.937952422374787,9,2023,False
1.99009399,41.21842431480018,-8.536822577520573,9,2023,False
0.79352796,41.43756233740534,-8.108128556095105,9,2023,False
3.50975334,41.23528582956319,-8.70514111985967,9,2023,False
0.69424629,41.15485130961774,-8.51811711067532,9,2023,False
1.04397309,39.09654944112314,-8.887797761650303,-1,2023,True
2.10400514,38.59431550620503,-7.405245677587889,-1,2023,True
1.52057246,38.04341716131034,-7.444287201993079,-1,2023,True
0.72634106,41.47982588733407,-8.203240585830688,9,2023,False
0.96949849,41.11783663396189,-8.5004642759779,9,2023,False
0.32953581,41.10656333562671,-8.523542100829264,9,2023,False
0.51054383,38.94641156831983,-9.0728529735592,5,2023,False
1.55339817,40.93114589337175,-8.420879882376225,9,2023,False
0.39456696,39.14192363215507,-9.207126803578623,6,2023,False
3.72567525,40.76106847950999,-7.810755718958718,-1,2023,True
0.00290095,39.462146266693516,-8.192599578400355,3,2023,False
3.64125335,38.953131719781965,-8.830567060415229,-1,2023,True
13.86027981,39.11252506070861,-8.628305397128686,-1,2023,True
3.27803866,41.21692851391809,-8.534316674484355,9,2023,False
,38.81245567960729,-9.177248968113695,5,2023,False
0.96610487,39.26924450878785,-8.79985819920776,-1,2023,True
2.4076169,38.64072341191448,-9.03075664115503,5,2023,False
4.04927056,41.78010041396687,-8.352263732752359,9,2023,False
1.54441748,37.589069401157744,-8.660573393688379,-1,2023,True
0.56912916,39.54693475028361,-8.337157739089522,3,2023,False
12.79927397,37.67693391960477,-7.509147628091721,-1,2023,True
0.61462634,41.38572721911792,-8.11784609524254,9,2023,False
1.97841569,38.60762455712819,-9.08306339629702,5,2023,False
13.16313094,38.23469878018162,-7.7222796299344525,-1,2023,True
0.01011985,40.57996119096244,-7.611679094939933,7,2023,False
1.12033156,41.776123398684135,-8.362101854706918,9,2023,False
1.0087716,38.1663083995823,-8.165514151807601,-1,2023,True
0.7028908,38.59705092301899,-8.953866835878532,5,2023,False
0.49167627,41.42509966283513,-8.140041434669884,9,2023,False
0.91347,38.605294916488916,-7.407672001242513,-1,2023,True
55.50834983,38.85401405152543,-8.230288637384291,-1,2023,True
0.61793329,41.386342242956786,-8.117635335258173,9,2023,False
0.61005351,41.034781501165085,-8.318854849754022,9,2023,False
16.86015314,40.6371750814762,-8.470523325612298,9,2023,False
1.91730022,40.65113280347193,-8.583252719777095,9,2023,False
6.26194827,41.9733514043103,-8.630727991068147,9,2023,False
8.41232116,39.68513614933752,-8.644639128652628,4,2023,False
1.71259575,39.03550364658808,-7.043166815553514,1,2023,False
5.82549979,41.938798282513126,-8.638642507479247,9,2023,False
2.340446,41.761981566336395,-8.35290197234428,9,2023,False
0.86482139,39.202178596721694,-7.815554533085763,-1,2023,True
0.32575324,38.80075251061621,-7.17375638711214,1,2023,False
0.15843374,38.753890263512865,-9.216187486859459,5,2023,False
0.20224194,41.19003994922432,-8.217847354772761,9,2023,False
2.33343728,41.73318538779376,-8.411243595912444,9,2023,False
16.19373788,40.58609423605087,-8.58394524210366,9,2023,False
6.86107726,38.77295356258528,-9.26553073663111,5,2023,False
0.0122928,39.60095308696739,-7.660655367067397,-1,2023,True
0.00081262,39.608189695513346,-7.663133704851363,-1,2023,True
0.01298018,39.59948840560244,-7.660395094212582,-1,2023,True
2.1774793,41.67526816510833,-8.632907785127468,9,2023,False
0.11269181,38.76294465991473,-9.24613211735061,5,2023,False
0.74181306,39.09443437844934,-8.177631117467062,-1,2023,True
0.72015485,41.77563371094389,-8.645992709320707,9,2023,False
2.91902274,38.303207611789105,-8.41507402756578,-1,2023,True
0.62987039,40.499329016076445,-7.0694444390895255,-1,2023,True
0.5573606,39.00829376752071,-8.729410875556379,-1,2023,True
1.33891917,41.65852094807466,-8.027132252463202,9,2023,False
35.21189573,37.8174326890286,-8.557701954988012,-1,2023,True
7.80145901,37.792015552349035,-8.692444490526508,-1,2023,True
1.87532239,41.51605240257218,-8.048999469757414,9,2023,False
5.76171126,41.555759815026605,-8.690244080535335,9,2023,False
3.6127426,41.65821512060919,-8.025219526014642,9,2023,False
0.50431955,41.386545294495484,-8.118286209123005,9,2023,False
0.10671731,38.41771326160919,-7.545076226472732,2,2023,False
47.10040206,39.958018601926746,-7.598948264589343,-1,2023,True
0.04625102,41.02643577747886,-8.05834102068638,9,2023,False
4.03495146,41.97049083709393,-8.587440936654229,9,2023,False
0.0079331,38.94241627771118,-7.197282538036202,1,2023,False
0.91319946,38.9438005625191,-8.5538083199134,-1,2023,True
0.56177343,39.47959732119827,-8.61468977078554,-1,2023,True
0.47496891,41.10881539357191,-8.481034991445817,9,2023,False
0.44353047,39.49125070294962,-8.176180236981793,3,2023,False
0.86386597,41.65703324142699,-8.0240710216897,9,2023,False
6.60624427,41.20178254795819,-8.062819020815382,9,2023,False
2.14791454,38.604723492865006,-7.4102843366456215,-1,2023,True
9.62904949,40.132337863787534,-8.279338745072177,-1,2023,True
5.61233298,37.96917256365577,-7.837398069086289,-1,2023,True
0.59667956,41.42705756443127,-8.138223295418136,9,2023,False
5.2351708,39.68164714549113,-8.638638157725033,4,2023,False
4.31033386,38.852380952490606,-7.099127323137156,1,2023,False
1.60843608,41.31636847632881,-8.68415971083471,9,2023,False
0.22267268,41.04270832034299,-6.855389388082004,0,2023,False
1.21607157,38.56567765939994,-8.87455283115916,-1,2023,True
9.95032287,39.214305370973314,-8.771808568165051,-1,2023,True
0.76954188,39.47219758146459,-8.641764324207065,-1,2023,True
28.61778607,39.22503128986808,-9.020355396464646,6,2023,False
0.32807768,38.709801855072484,-9.38406968320455,-1,2023,True
0.46245884,39.25746838950443,-8.224173501271467,-1,2023,True
13.83869467,38.86321249503772,-9.0951936904681,5,2023,False
0.66217985,41.43432872647596,-8.12704749887655,9,2023,False
0.91110583,39.01270086577404,-7.056220214355505,1,2023,False
0.35652634,39.08562197246644,-9.188238897164924,6,2023,False
2.84184682,40.73412287428434,-8.595935629504465,-1,2023,True
6.24785846,37.6682164933847,-8.122766866300035,-1,2023,True
0.7021663,40.24717276906515,-7.399171985342396,-1,2023,True
0.13301252,41.434637028288286,-8.12458092910563,9,2023,False
0.44918689,41.57806329098258,-8.305410358022824,9,2023,False
1.1454374,37.57159711830717,-8.624203112512818,-1,2023,True
0.45631368,40.9383856761461,-7.353629200183899,-1,2023,True
1.22012239,38.963628786377704,-7.708019569894642,-1,2023,True
0.63427368,39.05907076518247,-9.208911495221288,-1,2023,True
2.39608724,39.09954326985667,-8.127213051164304,-1,2023,True
27.39847234,40.63706848271063,-8.518096843731906,9,2023,False
14.82563775,39.40098025650388,-8.414491302219922,3,2023,False
2.1718712,41.84693561640518,-8.292265499992872,9,2023,False
4.51189386,41.131646521104486,-8.250253606691885,9,2023,False
7.9048613,37.96539393622472,-7.837391496124465,-1,2023,True
0.53907222,38.62684946913017,-9.040260529642083,5,2023,False
1.47872223,39.841774164461754,-8.670721066621413,4,2023,False
0.66088349,40.846282858959285,-6.937365960847636,-1,2023,True
24.97992236,38.445834507931345,-8.13561174687391,-1,2023,True
1.03539183,39.131336797012146,-8.607903208636687,-1,2023,True
0.88394814,38.819138992527456,-9.169077983512807,5,2023,False
0.5764694,40.43029567558008,-8.582163431242245,9,2023,False
2.0704561,40.51656496416889,-7.801760091807658,7,2023,False
1.05001912,39.92952227604491,-8.714231643842647,-1,2023,True
0.12623634,41.234220252564626,-7.624202485938046,-1,2023,True
1.50282979,39.18870702254085,-8.558406418994561,-1,2023,True
1.60850417,37.29180009474399,-7.926888599911647,-1,2023,True
0.18979111,39.22593545614598,-9.035608024115193,6,2023,False
377.58120472,39.1853159737556,-9.013390068411248,6,2023,False
0.3316837,39.9527186640511,-8.218837165597968,-1,2023,True
1.10281354,38.80713394704238,-8.880652851274116,-1,2023,True
65.05889234,37.35289771138456,-8.378402878852512,-1,2023,True
3.6506618,37.909583761397286,-7.381890360359451,-1,2023,True
0.84106751,40.80882901769893,-8.601528823873705,-1,2023,True
3.32844947,38.98393580929726,-7.688865903615555,-1,2023,True
0.26632313,40.618838820038604,-7.812297477946824,7,2023,False
3.48158975,41.27432167424921,-8.223681734623927,9,2023,False
1.45762192,39.848043496902356,-7.281744747849474,-1,2023,True
42.88422527,41.2223797663062,-7.6251975071190525,-1,2023,True
0.6711933,39.367071098357535,-9.253559571615952,6,2023,False
0.56442723,41.13738962581929,-8.23237664482537,9,2023,False
0.82159355,40.74860097810622,-8.174623609279218,9,2023,False
0.79189796,39.834555342725,-8.669450278540618,4,2023,False
0.97532627,40.68492207128813,-7.438394451167555,-1,2023,True
0.41378869,39.253645281989456,-9.089314612292554,6,2023,False
0.59667378,39.665945181080176,-8.503036677029723,4,2023,False
0.48619731,38.98673194219408,-8.729380140709255,-1,2023,True
4.65072648,38.828207037915625,-7.961487460738135,-1,2023,True
0.08867345,39.471994951308076,-8.074712159211398,3,2023,False
1.70411499,37.295586634825966,-8.022908373854046,-1,2023,True
1.41085274,39.23000889042212,-8.797375992390458,-1,2023,True
1.84982529,38.02633179902969,-8.366222551208274,-1,2023,True
4.30542772,39.36556068941509,-9.252865681121847,6,2023,False
0.94547057,37.25659524549456,-8.31399912791371,-1,2023,True
2.00715671,39.23279092007775,-8.796437296690236,-1,2023,True
1.20224523,39.23451170318915,-8.79455937480167,-1,2023,True
0.95671752,41.13846833199404,-8.232324128169417,9,2023,False
1.32944601,39.35221165688085,-9.220023459072806,6,2023,False
6.43453108,38.64056715217496,-9.146829507479234,-1,2023,True
0.38082298,41.53839006015453,-8.524448632222553,9,2023,False
0.7700786,41.87635180773494,-8.229526733602007,9,2023,False
3.31977463,39.19259382771822,-9.021233521858662,6,2023,False
29.29016438,41.70188247282702,-8.647563751783103,9,2023,False
0.9022079,41.2469649430907,-8.263332811914236,9,2023,False
9.67772597,38.64379071758958,-8.89236380007358,5,2023,False
0.46333237,41.18555879710194,-8.211225221313756,9,2023,False
0.8901488,41.85491242856516,-8.805401121719678,9,2023,False
0.30902132,39.086231511468206,-9.278013290617773,-1,2023,True
0.0323802,41.36247603580722,-6.757572736295926,0,2023,False
1.23835213,40.95176780846162,-7.861162368097087,9,2023,False
24.24546473,39.90024645121181,-8.138397282688699,-1,2023,True
5.15443828,41.939640635325475,-6.8969999257538355,8,2023,False
34.32980755,40.39523807709988,-7.844654583653434,-1,2023,True
2.38020736,37.87862411211932,-8.348311386299809,-1,2023,True
15.15265213,39.797843340645954,-7.518226247570019,-1,2023,True
0.71937752,39.57733066423659,-8.561993443402699,4,2023,False
0.34638464,41.21931399575912,-8.471727060268046,9,2023,False
0.61712324,40.97359792135214,-6.932076948813557,-1,2023,True
6.95781002,39.171534405206614,-9.09061214021757,6,2023,False
0.02097196,39.400494909281825,-8.4140982904322,3,2023,False
0.36688212,39.20817821055226,-9.050672461802764,6,2023,False
8.44816686,39.22752628322205,-9.026850336353842,6,2023,False
0.7789347,41.690307698283384,-8.030682686015211,9,2023,False
1.59584827,39.34536426576903,-9.211757037964995,6,2023,False
0.81096383,38.97267500661543,-8.145291759220711,-1,2023,True
0.83460435,40.36209076685674,-8.654649517688412,-1,2023,True
1.10541858,41.38579965309885,-8.11908431347798,9,2023,False
0.87978231,38.41620734711492,-7.546500921660188,-1,2023,True
1.6376961,39.383131483707984,-9.091690847857402,6,2023,False
0.03907501,39.04060577674246,-9.189429986681526,-1,2023,True
1.46757959,41.8127746092069,-8.335482555504509,9,2023,False
0.82971318,40.54941511462269,-8.640365294066095,9,2023,False
0.63032156,39.83812570419762,-8.783825673935336,4,2023,False
0.68489879,41.38677820285235,-8.119060121617864,9,2023,False
0.92090296,38.65063688894326,-7.631571907811787,-1,2023,True
0.03805626,39.174993160000845,-8.468390338510952,-1,2023,True
28.95012822,40.146100196256604,-7.736701336094602,-1,2023,True
0.03830005,39.230219336543364,-8.79833662431905,-1,2023,True
0.61064602,40.73186014600305,-8.536963750630578,9,2023,False
9.29625393,41.097880486085224,-7.871971480725584,9,2023,False
2.27395006,39.39801600215859,-9.160047305200582,6,2023,False
0.54651315,39.449905903213015,-9.191516947265551,6,2023,False
0.49777679,39.43974290390198,-9.123358069195532,6,2023,False
9.45774189,39.6068021909462,-8.825207757021985,-1,2023,True
,38.825249623345,-9.128411159735998,5,2023,False
0.01318128,39.49190304892066,-8.104618711732726,3,2023,False
0.43500045,41.06987337578554,-7.842773790162436,9,2023,False
0.1284481,40.39459682822198,-7.285857853002846,-1,2023,True
1.38878105,41.379310822357716,-8.153048094913505,9,2023,False
0.65790264,37.94056106938646,-7.7835930106810185,-1,2023,True
21.62747767,38.85290287153369,-9.097198687597738,5,2023,False
3.44891886,41.54796865569268,-8.755852967054068,-1,2023,True
0.95075612,41.29393682698254,-8.003629964192967,9,2023,False
1.97467874,41.81784857896703,-8.51503584349507,9,2023,False
2.42636358,39.35098553021909,-9.200422520642306,6,2023,False
0.51582604,41.31182020029385,-7.592649085029322,-1,2023,True
0.3598802,41.10937340028731,-7.826964617369623,9,2023,False
0.15847874,41.30675969434788,-8.531573716784456,9,2023,False
2.95528615,38.194207498972716,-7.804203141848202,-1,2023,True
1.15406877,41.60008136985993,-8.486059806758359,9,2023,False
0.01053397,38.94335234918595,-7.197727367908969,1,2023,False
2.16114433,40.976999759041696,-8.17413961209309,9,2023,False
0.94837673,41.14082679266394,-8.2332951117305,9,2023,False
0.1940886,41.23971230420769,-7.781328239085475,9,2023,False
10.53641235,37.53552510955625,-8.724100378787488,-1,2023,True
10.08780438,38.70767392429785,-9.237881332461804,5,2023,False
3.14258512,40.97731055090564,-8.171599245570633,9,2023,False
0.73745725,38.637726825284346,-8.935593614026255,5,2023,False
1.39595824,40.805142115009595,-8.604279102196351,-1,2023,True
0.64909923,37.99109989906023,-8.817429740959277,-1,2023,True
4.22230684,38.86582614140577,-9.091643303374926,5,2023,False
4.06511438,39.78004979599665,-7.005309413170053,-1,2023,True
0.87620424,41.160150030055206,-8.400644046584915,9,2023,False
44.11014368,41.253664002041276,-8.334988887837879,9,2023,False
197.06219797,38.73557634681764,-9.429563240063363,-1,2023,True
4.0706843,37.9845258513076,-8.235398289005069,-1,2023,True
0.01554894,37.99094637367686,-8.816968554761514,-1,2023,True
2.22219499,41.77174264717336,-8.359313413022202,9,2023,False
0.59996957,39.42158061386291,-8.747825931791809,-1,2023,True
162.49459358,37.44138266119877,-8.227504292264493,-1,2023,True
0.77118827,41.159997465539654,-8.399481576564025,9,2023,False
0.3637676,39.25237288705932,-9.119749963410543,6,2023,False
1.67934019,39.27231654662636,-9.047320019236771,6,2023,False
1.0077717,39.26964848307218,-9.051729666440208,6,2023,False
0.63542158,40.35354560050823,-8.677865546574871,-1,2023,True
1.10730881,41.468682609351305,-6.353289791140657,-1,2023,True
0.06568583,41.07500947287089,-8.386986253873216,9,2023,False
1.65868712,41.25369064784085,-8.340333348975774,9,2023,False
0.45835286,41.53893054885815,-8.524520950755422,9,2023,False
1.00096834,38.681045600634036,-9.170612291706918,5,2023,False
0.59798861,41.67956940582027,-8.450108721381541,9,2023,False
0.93534921,39.41129957621263,-8.421523980516293,3,2023,False
0.71352637,38.21739007549279,-7.832045237215985,-1,2023,True
2.43723828,41.94605600576194,-8.419808848537734,9,2023,False
0.75166012,39.49170892373844,-7.980827008654339,-1,2023,True
0.89624457,41.20240066280095,-8.203158166201918,9,2023,False
0.72785535,38.03347902764671,-7.860191394141825,2,2023,False
1.1426914,39.754631820445965,-8.704613670522479,4,2023,False
0.20117437,41.394743516038986,-8.610247196053939,9,2023,False
1.29224399,38.61135867347833,-9.044904735692826,5,2023,False
1.944377,41.07513543568674,-8.388105094591287,9,2023,False
0.83610428,37.68798616973404,-8.007009877996488,-1,2023,True
0.69834738,39.91174067925081,-7.444161146240084,-1,2023,True
0.73813246,41.800790621183985,-8.49204739968832,9,2023,False
0.42687981,40.579377984856976,-7.606368955870426,7,2023,False
1.76995376,41.19762471102267,-8.216569342878053,9,2023,False
0.53696355,37.330902081997706,-8.340027791133506,-1,2023,True
65.49229332,41.173617461121985,-8.230203930192555,9,2023,False
2.9711127,40.340163511810765,-8.674078076795812,-1,2023,True
2.07572206,41.630174258779455,-7.104958415817413,-1,2023,True
0.23477802,40.77224423762097,-8.44582781052545,-1,2023,True
2.95016583,39.861513623709484,-8.914087323824251,-1,2023,True
1.5148757,40.608357421637116,-7.8887342214461205,7,2023,False
5.95357148,41.12575115915567,-8.499002175405632,9,2023,False
2.30399721,41.2411706517438,-8.151707001013055,9,2023,False
0.70334617,41.157601893546456,-8.175964610967668,9,2023,False
0.00219799,39.462800797548184,-8.204874763300431,3,2023,False
0.60092944,41.655136714309755,-8.745768234395214,9,2023,False
0.50589672,40.96625249084351,-8.483881980189164,9,2023,False
0.07821411,40.64980403036427,-7.306787295851373,-1,2023,True
3.86455785,39.403896888427035,-8.418413699339418,3,2023,False
0.97159688,41.2133000557068,-8.213565169778752,9,2023,False
0.032881,38.87648509393287,-7.161805526993317,1,2023,False
1.60139287,38.64464514331977,-8.886705848249465,5,2023,False
0.03517901,38.961698080916314,-7.123145208540795,1,2023,False
1.44369531,39.056168302692605,-8.132584209181779,-1,2023,True
0.02346991,38.06758884513218,-8.788054229010855,-1,2023,True
0.0476224,38.87625940370343,-7.161938820010825,1,2023,False
0.00816268,38.87712722621435,-7.16243751076162,1,2023,False
4.36199671,39.2326887565226,-9.014201340319731,6,2023,False
25.61010887,39.21961900667723,-9.06393807314422,6,2023,False
6.58229321,39.1748818950521,-9.123459698405828,6,2023,False
4.92697173,41.10408504950115,-7.24051237796589,-1,2023,True
5.66417447,41.09456978316664,-7.234415677730237,-1,2023,True
0.63900574,39.412867046507785,-8.185729844019185,3,2023,False
8.35047613,38.55685192181525,-8.652307616202958,-1,2023,True
0.90007126,40.11565175084511,-7.2187444928458735,-1,2023,True
48.40126472,39.74605126608159,-8.632656493707033,4,2023,False
0.56815427,39.77809093463717,-8.926946963258036,-1,2023,True
1.06727873,37.218568452617895,-7.486418529808483,-1,2023,True
1.61549233,38.695011116126345,-8.767722095283379,-1,2023,True
0.74122776,38.6490459117663,-8.735211697807609,5,2023,False
2.40841613,39.76403429006632,-8.687994075705543,4,2023,False
27.57850934,40.42314048664891,-8.54919941660859,9,2023,False
1.44335933,39.439851104414636,-9.118157895839039,6,2023,False
6606.45973091,39.75935748041032,-7.792107896988678,-1,2023,True
1.65047395,40.885916653078304,-7.684823523505008,-1,2023,True
6.42956845,38.555835747409205,-7.884022819132956,-1,2023,True
14.94315157,39.39665210538412,-9.156773041433707,6,2023,False
1.5047209,39.483886444084476,-9.1429778301274,-1,2023,True
2.51588549,40.32821290817262,-7.2027277979472535,-1,2023,True
,38.834145505050316,-9.087144122859566,5,2023,False
,38.80598955660072,-9.17294297668123,5,2023,False
0.96030435,41.9537475256308,-6.964218357908154,8,2023,False
1.68314179,38.88178373269637,-7.674735756229536,-1,2023,True
0.08839111,39.43903694031087,-8.424644034849207,3,2023,False
1.17988984,41.258632252803174,-8.155957949903362,9,2023,False
0.55298008,39.722431070390606,-8.72283022799469,4,2023,False
4.51697856,41.261213753028755,-8.124257701368752,9,2023,False
25.79911744,39.2442451417711,-9.008980392376476,6,2023,False
6.0871062,39.2045310781988,-9.175876490967237,6,2023,False
430.6849552,39.685072070535824,-8.639610819275859,4,2023,False
7526.1913407,37.428116275346085,-8.712345314947177,-1,2023,True
0.76844851,41.03701095594889,-8.403427279673188,9,2023,False
0.49730962,38.65413806821465,-8.59688805789864,-1,2023,True
17.24600878,41.75020518465094,-8.546933943048096,9,2023,False
0.25185536,38.64325023876476,-8.887464575975137,5,2023,False
1.24092811,37.695403165608845,-8.751833153573317,-1,2023,True
2.89707152,41.943211265961146,-8.417572874234288,9,2023,False
0.01264821,38.87601832585819,-7.162032475501301,1,2023,False
1.96592357,40.189013651094065,-8.696654539603562,-1,2023,True
1.68624544,41.17637146585217,-8.435109528838794,9,2023,False
0.30412152,41.10287308490466,-8.144108020908398,9,2023,False
17.23785905,41.23836014978448,-8.434089349933148,9,2023,False
7.49122004,41.171586572658725,-8.457065112019743,9,2023,False
1.80110543,38.90643399476125,-8.854173174910748,-1,2023,True
31.08864532,38.884834895093505,-9.20085637500471,5,2023,False
266.84858538,39.73337250684739,-8.639437712203916,4,2023,False
2.05307914,39.65535945462381,-8.597988179191626,4,2023,False
0.70781085,39.76133081535897,-8.648471687027433,4,2023,False
,38.82269050501922,-9.093541603187905,5,2023,False
1.34846513,38.6749543938635,-8.735069731503826,-1,2023,True
0.86515094,41.7246598005701,-8.52783827317485,9,2023,False
3.0404495,40.614341226417395,-7.692663132886406,7,2023,False
23.05063966,40.61838347771436,-7.687298075153833,7,2023,False
7.84547798,38.30133215813833,-7.533177747870926,2,2023,False
0.53138167,41.442632186294574,-8.11527866614205,9,2023,False
1.09358206,39.7926534697518,-8.568405446722302,4,2023,False
3.86455673,41.47833429110341,-8.49908250453312,9,2023,False
79.06910139,41.3835930466346,-8.659388699322506,9,2023,False
111.60350175,41.062586880833656,-8.128495336089694,9,2023,False
26.93771106,41.242158763802436,-8.435896272685873,9,2023,False
0.33417574,39.086113040130954,-9.271663725577714,-1,2023,True
1.43397858,38.60750837241816,-8.056910500933862,-1,2023,True
143.28340826,39.72498052694431,-8.716909455065293,4,2023,False
314.43457341,39.75537171744413,-8.684615610500742,4,2023,False
1.95880184,41.314684789582124,-8.602273225959857,9,2023,False
3.55134522,40.69909003789049,-8.195264016074503,-1,2023,True
187.06079217,37.203596845833545,-8.882790360040634,-1,2023,True
0.82726501,40.80756080523989,-8.601786013108189,-1,2023,True
4.02439161,41.14837576696059,-8.152701663239165,9,2023,False
1.91754531,41.50574160810311,-8.496291259898937,9,2023,False
0.10245518,39.08619412029315,-9.271008992697247,-1,2023,True
0.92254496,39.1705508788673,-8.824843365989075,6,2023,False
1.02249623,41.33704655008532,-8.460339913646068,9,2023,False
1.69783294,40.86830404180709,-7.555263725984214,-1,2023,True
1.15853772,41.69854606210703,-8.511791317241125,9,2023,False
0.09774063,39.32540428057015,-8.50613128654195,-1,2023,True
8.36288932,41.58529316543234,-8.353268774788607,9,2023,False
1.02428234,41.2306621384848,-8.461994245224238,9,2023,False
18.34966783,38.17136352560498,-8.68113911570963,-1,2023,True
0.1116226,39.54380871847768,-8.265560390762168,3,2023,False
0.04561517,39.42503710625588,-8.20868198254665,3,2023,False
1.11409065,40.96650610112637,-8.485332476583977,9,2023,False
0.01726371,38.88872261202186,-7.065338999805886,1,2023,False
33.07591457,39.322887909853804,-9.24289437978377,6,2023,False
0.8790972,41.28970542042043,-8.299788000471612,9,2023,False
1.50400203,41.11399001180657,-7.995775682713624,9,2023,False
13.31358191,41.70739186201211,-8.477143071246429,9,2023,False
23.77110472,41.107729517761086,-8.347188906429066,9,2023,False
2.00354775,41.13129965866879,-8.007765857604364,9,2023,False
0.62283327,38.025099530735986,-7.460870852415774,2,2023,False
1.13290775,41.082645320970336,-8.228868930413519,9,2023,False
1.56155764,40.61993175809464,-7.690841862728554,7,2023,False
0.59430417,40.62415242802112,-8.454830917801937,-1,2023,True
0.64408707,41.73931179559194,-8.314895668376456,9,2023,False
0.10116133,41.31503869050859,-8.60259910686863,9,2023,False
0.33909761,41.48057700193833,-8.508601486436085,9,2023,False
1.12898655,40.64056992055832,-7.067735933150095,-1,2023,True
23.98702997,40.169919132927625,-8.243609513193816,-1,2023,True
20.65484138,41.1869681356725,-8.030266188140205,9,2023,False
13.99969692,40.513061673239555,-7.0981575785052815,-1,2023,True
1.22543391,41.17906888176804,-8.434747541709251,9,2023,False
2.09205418,41.21341010828133,-8.209163315737785,9,2023,False
1.49004586,41.37669774232258,-8.389420293117764,9,2023,False
3.81219297,41.56698872349503,-8.116115014323457,9,2023,False
1.8337202,41.76106967079044,-8.399127012839887,9,2023,False
0.73378525,38.71270071687975,-8.986685086244556,5,2023,False
1.20929714,39.08006220555014,-8.15758290408771,-1,2023,True
0.02961356,41.313043013508995,-8.024784412521798,9,2023,False
3.95164432,41.10620099774219,-6.790047333000142,0,2023,False
6.45412346,41.62629134363252,-8.277410075832059,9,2023,False
0.51999763,41.44307583769944,-8.113703587364727,9,2023,False
2.27648633,42.06047823365892,-8.471314895501774,9,2023,False
2.24691742,41.21337229421754,-8.534217892593663,9,2023,False
1.38112715,40.11614577945968,-7.551618232712148,-1,2023,True
0.51793582,40.62016298926865,-7.52082587992441,7,2023,False
484.56150699,41.65835048590035,-6.566453791418059,-1,2023,True
1.15575248,41.52255436912075,-8.451032843788889,9,2023,False
0.08552791,38.91480837673247,-7.216879112032114,1,2023,False
1.24646479,38.53054863446423,-8.859425404124266,-1,2023,True
1.68226607,41.48465708460552,-7.365905066181653,-1,2023,True
36.10756529,41.25949844179108,-8.15103967284198,9,2023,False
82.47504637,40.231645718506726,-7.547100454870393,-1,2023,True
2.55048953,41.65825196865197,-7.693806295643649,9,2023,False
0.45620171,41.764739860139294,-8.414033740266861,9,2023,False
16.11492971,38.76102986488186,-9.21721181947191,5,2023,False
0.59264409,40.545026915619374,-8.471532753072863,9,2023,False
1.28417242,38.77257435435238,-9.276815719718126,5,2023,False
2.79245063,40.054088880555604,-7.194176843070717,-1,2023,True
2.37680283,40.07671044288191,-7.206418319752752,-1,2023,True
0.90028207,41.15139976331324,-7.588294149715331,-1,2023,True
9.15707392,38.59018636020649,-9.036128071352204,5,2023,False
11.46156735,40.49069081083059,-8.377505192800836,-1,2023,True
3.41653553,41.81082065875325,-8.351603885118543,9,2023,False
0.74147945,39.59377434761708,-8.420858025511256,3,2023,False
0.57001167,40.78096000875284,-8.43986260978665,-1,2023,True
22.92735515,40.56931672306794,-7.630939590817074,7,2023,False
4.06932654,41.73063533008197,-8.590252013918311,9,2023,False
6.55830214,38.759858614410255,-9.423706943175404,-1,2023,True
0.96469793,38.80241511453206,-9.329247975305588,5,2023,False
1.00799118,41.279787410503666,-8.354827459032535,9,2023,False
0.50764373,39.70345825903289,-8.647584850476509,4,2023,False
0.82547131,40.59766247490403,-7.9646446870478,-1,2023,True
0.64660643,38.59167876402726,-9.036438723585086,5,2023,False
4.85533895,41.791921098497404,-8.470139173837104,9,2023,False
0.0666018,39.409244230920365,-8.419622861752293,3,2023,False
186.24435871,41.31238535189406,-7.315690768747919,-1,2023,True
1.48178322,41.56858437658441,-8.210389359127952,9,2023,False
1.49836543,41.269550887271706,-8.20153997606886,9,2023,False
0.00089012,39.57657676333449,-8.687289710009916,4,2023,False
1.05209232,39.57210073908347,-8.695028805640852,4,2023,False
0.2621201,40.307161705355114,-7.877556184850372,-1,2023,True
1.46852429,40.83112550070964,-7.361017448608526,-1,2023,True
0.69815256,40.87877857167742,-7.392688016628136,-1,2023,True
0.01809422,41.27546989326652,-8.073847685567529,9,2023,False
1.51350531,38.984827690312535,-8.971221851268185,-1,2023,True
5.24202879,41.25194584134531,-8.153785253405022,9,2023,False
0.90234976,37.327888024549274,-8.613304920106614,-1,2023,True
0.70870213,41.39184192031019,-8.185928283068554,9,2023,False
22.76901004,41.690675910640515,-8.212162364719044,9,2023,False
24.16940171,38.84984043130838,-9.220346284923384,5,2023,False
1.01394318,39.25334990843394,-9.018383673444148,6,2023,False
48.07532698,39.7247585386154,-8.680778550909926,4,2023,False
10.34319398,41.18194716498743,-7.892777184914251,9,2023,False
2.09231324,41.064612501988805,-7.867637390708152,9,2023,False
0.33051608,41.18624254086075,-8.211220644821616,9,2023,False
2.35464426,41.22805285838011,-7.6115509501944345,-1,2023,True
14.28009767,38.96082058442437,-8.976723894457459,-1,2023,True
0.68252004,38.0517276639293,-7.612218437173967,2,2023,False
1.12929904,40.91411481028883,-7.873490897860023,9,2023,False
2.59592059,37.63367107615503,-8.708661375391058,-1,2023,True
0.16803671,39.14582143539492,-9.24245407613513,6,2023,False
0.45833758,41.52841608202053,-7.585756208399882,9,2023,False
1.00232799,41.3004426310046,-8.179694909254154,9,2023,False
6.3102198,40.29551369010245,-8.238260408527921,-1,2023,True
0.35773813,41.32169466110034,-8.117815590964701,9,2023,False
2.4243897,41.74820293113089,-8.440681858450523,9,2023,False
1.02769602,37.06832199341293,-8.029656422880448,-1,2023,True
2.3563975,41.80145927192605,-7.2811148911426,8,2023,False
5.47302412,39.70410626640917,-8.627316223546371,4,2023,False
0.71017592,41.26193136305323,-8.204521128255253,9,2023,False
65.69127857,39.73428095092054,-8.666589962712438,4,2023,False
1.1633387,41.22639818667454,-8.171226527866006,9,2023,False
1.62066977,41.136561233329935,-8.10508035870635,9,2023,False
0.66138385,41.370925304417135,-8.059688675855638,9,2023,False
1.97045756,41.378258722577876,-8.058393608386318,9,2023,False
0.37668234,41.255901122781886,-8.124695580279772,9,2023,False
0.08065555,38.64255559089263,-7.546112412238231,2,2023,False
0.55345431,40.58190254477241,-7.598238346240678,7,2023,False
4.46711609,41.25070713248021,-8.127880128525256,9,2023,False
0.26746961,41.312875676940955,-8.114490848518564,9,2023,False
0.67556689,39.50215911674777,-8.870518541063666,-1,2023,True
0.74189068,41.02925703893927,-8.07601720896555,9,2023,False
43.37644002,41.17212126686132,-7.922267670362061,9,2023,False
1.0375657,41.32682310655994,-8.110464330186964,9,2023,False
4.42704527,37.1732325904836,-8.372673800996171,-1,2023,True
99.53946107,41.28423152111374,-7.328632247355209,-1,2023,True
0.00713098,40.60724082306321,-7.816377099380516,7,2023,False
0.68804401,39.60449831833224,-8.673047354891416,4,2023,False
5.71349738,40.09082216226399,-7.34511820744538,-1,2023,True
2.24897565,39.91168693606831,-7.748960944826294,-1,2023,True
0.85627297,37.13001829895045,-8.686543710600128,-1,2023,True
0.04764788,38.901088208190316,-7.282902945904793,1,2023,False
1.70144107,41.38428230339196,-8.025485102035724,9,2023,False
351.63626182,41.197632903973066,-7.899727524820005,9,2023,False
2.43020457,41.02933390896404,-8.061484902056158,9,2023,False
4.00540318,37.20320170364102,-7.419872378011041,-1,2023,True
12.27035361,39.80901004847643,-8.37029616698924,-1,2023,True
0.54325769,40.54697737608812,-7.246102768634618,-1,2023,True
10.57098981,39.40446712326305,-7.357250558799868,-1,2023,True
10.24473675,40.359490119345345,-7.305256311687478,-1,2023,True
2.01295136,41.710915368705365,-7.7931865889953285,9,2023,False
11.60792739,41.42594473823115,-7.978009091084166,9,2023,False
2.67732806,40.69035563340444,-8.439454501946967,9,2023,False
0.61160101,38.8457928246241,-9.284207729423967,5,2023,False
1.49676013,38.85150534763294,-9.179477715036482,5,2023,False
1.11649965,38.84612278302905,-9.276704329452688,5,2023,False
0.95289678,41.764356067579115,-7.0252113744833125,8,2023,False
0.36976362,41.64234199454557,-8.651283321161328,9,2023,False
0.02188425,39.26000888624991,-8.48423079969222,-1,2023,True
1.58906974,40.57250532097486,-7.626874669361052,7,2023,False
1050.68158768,40.524252148936256,-7.817251821459055,7,2023,False
0.4817619,39.84037496782721,-8.86746777943114,-1,2023,True
8.99139237,41.85845390938045,-8.205227619258428,9,2023,False
19.6395749,39.806540976473705,-8.636809053900132,4,2023,False
1.81244977,39.4175422115989,-9.012163595269252,-1,2023,True
1.77295894,40.753373676065934,-8.272527655986934,9,2023,False
40.57948886,40.23663476475121,-7.238869065393839,-1,2023,True
0.97972408,37.14135030638901,-8.384210530229653,-1,2023,True
1.61695464,39.708240979952876,-8.401152963252942,-1,2023,True
314.22412288,39.734247583266516,-8.53387929826853,4,2023,False
0.61578139,38.16071741123971,-8.520737207782075,-1,2023,True
5.26681217,40.728912032927646,-8.290649103907757,-1,2023,True
4.19401819,41.391148218256184,-7.852309967179859,9,2023,False
21.17532708,40.92764141493943,-7.348460808193975,-1,2023,True
2.37512904,40.90187085615198,-7.376100885517695,-1,2023,True
0.97365134,41.7267955944993,-7.5124102700192115,-1,2023,True
1264.90279529,41.296983519485735,-6.760844570688373,0,2023,False
1.56925299,40.237188444774944,-8.675021694540069,-1,2023,True
0.19214779,39.544134660893555,-8.270278076428365,3,2023,False
1.12174893,41.40318220059222,-8.114513250910123,9,2023,False
1.28832682,41.377218536425104,-8.059449427522525,9,2023,False
194.04182608,40.116324386333666,-7.392292574118759,-1,2023,True
0.87060358,38.19498428239769,-7.778767902913585,-1,2023,True
71.45250514,40.84929826487249,-7.308191721175991,-1,2023,True
2.46762676,41.00060854207965,-7.479666997322611,-1,2023,True
5.23848502,39.65806751298196,-8.642535080829377,4,2023,False
354.7805349,40.12978031704366,-7.194165166303107,-1,2023,True
12.20298282,41.874828339464734,-7.687328026329364,9,2023,False
4.14699711,39.65352745660882,-8.92287182889595,-1,2023,True
1.48357909,42.06310083677266,-8.410643615217126,9,2023,False
0.1819682,41.04294016899444,-7.7863251764758115,9,2023,False
0.85727492,40.508360512771304,-7.117629343732018,-1,2023,True
15.945951,39.874005792042,-8.127604043995678,-1,2023,True
0.79264753,41.02391280997005,-7.89652528805185,9,2023,False
0.50147164,41.298836802742855,-8.324563110440938,9,2023,False
1.24868342,41.28259271714333,-8.10228733153497,9,2023,False
1.10279232,39.76390359499523,-8.337279646127268,-1,2023,True
0.70534018,40.79647918924867,-6.87965703090876,-1,2023,True
0.51063392,41.2763480780741,-8.418060178197026,9,2023,False
0.61403235,41.72593768859042,-7.584495502881139,9,2023,False
4.50109446,41.44042311563026,-7.722351605546192,9,2023,False
0.69528423,39.3080765142479,-8.269119200917952,3,2023,False
21.78085475,40.89883777900915,-7.806128606379349,9,2023,False
3.24326536,40.87723585429019,-7.79008454054382,9,2023,False
1.56714573,41.13471388852707,-8.395235381767636,9,2023,False
1.12753775,41.61778088133862,-8.293837301303787,9,2023,False
1.46163172,41.23966110510345,-7.861392605770759,9,2023,False
0.50209726,41.23342730693141,-7.837791160838228,9,2023,False
0.93826454,39.195279466699745,-8.737570960137594,-1,2023,True
2.15091299,40.55196537690406,-8.667977643405253,-1,2023,True
0.84539683,41.635997651130545,-7.420026172351563,-1,2023,True
16.98124017,41.24047447575744,-7.868379234706313,9,2023,False
,38.795428329961254,-9.125881684072978,5,2023,False
0.49910619,41.662952615746704,-8.757176041091318,9,2023,False
2.38069912,38.78316517444658,-9.29911802481909,5,2023,False
2.32844408,41.02452529341351,-7.895824963943025,9,2023,False
0.02125785,38.75961028159745,-9.206205036419481,5,2023,False
4.65213677,39.508955052242584,-8.616852322797316,4,2023,False
1.11239715,41.44444332346831,-6.751428204154397,-1,2023,True
3.57031326,38.800365053648605,-9.329289765133266,5,2023,False
0.98663678,39.640492018892736,-8.98734587116194,-1,2023,True
1.30374106,41.76819530833559,-8.34473327010434,9,2023,False
0.35772541,41.10620918938279,-7.8911814766784385,9,2023,False
2.53104508,39.75604105676202,-7.586629092496025,-1,2023,True
21.27359583,41.33719178516191,-8.418574400848676,9,2023,False
1.78552716,41.153313307477674,-8.232475423809449,9,2023,False
7.51157395,38.53134600036958,-7.507677189921708,2,2023,False
196.01479015,41.78963656419202,-8.364177055170337,9,2023,False
1.95909151,39.809098122729075,-8.620047421871925,4,2023,False
47.22002368,37.3117222309478,-8.513126679187131,-1,2023,True
1.11505705,39.771791158224815,-8.643637179933002,4,2023,False
3.68562546,41.24300121210433,-7.621121244332361,-1,2023,True
46.59695639,41.62217787404293,-8.276593958401971,9,2023,False
0.77631879,40.067403621859754,-8.690810400831795,-1,2023,True
0.43646452,41.21463037965102,-8.195745688239803,9,2023,False
2.71527381,41.74229699147246,-7.1241311429979355,8,2023,False
0.58614409,41.727762502024746,-8.298165142122228,9,2023,False
1.19553478,41.33628447707037,-8.147955294991881,9,2023,False
3.00318711,41.564334230739505,-7.836365992354425,9,2023,False
0.6076908,39.910669486816836,-8.332495005116586,-1,2023,True
15.10321353,41.42939145995231,-7.628565997195835,9,2023,False
0.40424658,39.49134591880621,-8.303461873252756,3,2023,False
15.54339769,39.3023776804103,-8.260375657035754,3,2023,False
1.23903778,40.56764675602848,-7.638283276403662,7,2023,False
0.51701225,41.02948124048157,-8.42783757249348,9,2023,False
3.79387795,37.9207936340835,-7.806342950610971,-1,2023,True
0.16573825,39.52311630255535,-8.25122518163341,3,2023,False
10.79486885,38.3881731594314,-8.36089143492888,-1,2023,True
16.7933135,40.80079684631692,-8.446906703184125,9,2023,False
0.26208622,41.21128516248398,-8.591011077233855,9,2023,False
4.25773543,41.69211191207222,-7.761513704958157,9,2023,False
0.76098782,41.854691119334014,-8.402070240666,9,2023,False
0.00050035,39.45160238933773,-8.244996198521003,3,2023,False
6.09936199,41.403475594975816,-8.114590535996031,9,2023,False
1.89777366,40.47230509395773,-7.703094820578039,7,2023,False
0.62290839,40.4745386236811,-7.6992589278393595,7,2023,False
0.47331355,40.47485375332108,-7.69315072509828,7,2023,False
3.40151553,41.58706297139065,-8.086917813796767,9,2023,False
0.61675902,41.26751316511378,-8.216522085940934,9,2023,False
0.89365616,41.08256765905165,-8.123792286981272,9,2023,False
0.93067504,40.5646316898431,-8.574789527405459,9,2023,False
1.96176061,41.34316481182363,-8.326166861485857,9,2023,False
0.4078005,41.29292720020751,-8.082203046873492,9,2023,False
1.07449035,39.122510977132464,-9.143577163538048,6,2023,False
1.43116151,41.5872557446601,-8.085549798711796,9,2023,False
0.74279683,39.300788468533,-8.260200914757657,3,2023,False
21.74728835,41.01775058896386,-7.861181861096849,9,2023,False
5.09771423,41.02908326654019,-7.926606055089396,9,2023,False
4.20585441,42.038026078281824,-8.238964144958942,9,2023,False
0.25405159,41.29079734748753,-8.070114555188633,9,2023,False
4.71551225,41.430896851194696,-7.625840206463918,9,2023,False
0.30783921,39.82523823825381,-8.87088265424672,-1,2023,True
1.67976104,40.920078453780825,-7.009876855604857,-1,2023,True
5.96403527,38.89010419620588,-9.200323391744739,5,2023,False
7.59114855,40.98182926748305,-7.840810864552363,9,2023,False
0.21699956,39.482964186233204,-8.29967305457393,3,2023,False
0.09179404,39.11146069265137,-8.583778057300032,-1,2023,True
0.38802047,41.330658059778614,-8.123182862200643,9,2023,False
1.31228781,40.936220724501354,-7.2826203902481526,-1,2023,True
0.90589559,40.935206572865454,-7.2873068756422335,-1,2023,True
0.85700263,40.47426277597552,-8.485453383779035,-1,2023,True
0.55584038,40.80632580149801,-7.262311845987518,-1,2023,True
1.85818983,40.63170276067188,-7.943845442294547,7,2023,False
0.93938266,40.09381071219824,-6.984343909045083,-1,2023,True
69.53425574,41.72863650144634,-8.60267223443871,9,2023,False
13.29152264,41.739789307608156,-8.59794090623701,9,2023,False
0.37461706,41.43485947720019,-7.94550767072785,9,2023,False
0.62017631,39.37013856617061,-8.622040968027747,-1,2023,True
6.37333807,41.6737150732013,-8.491567113137195,9,2023,False
23.2510606,40.27743420895436,-7.248477923544358,-1,2023,True
0.60549149,41.91860360679508,-7.080553769336861,8,2023,False
2.16783095,41.01635984378588,-6.936754273397454,-1,2023,True
5.32631918,41.17191374649393,-8.000919841140508,9,2023,False
144.79642282,40.19612988507057,-8.351853968167902,-1,2023,True
0.77997407,39.727564130755646,-8.680561645075853,4,2023,False
1.4930264,41.6771041371476,-7.753346638793757,9,2023,False
20.85632615,41.23747674317407,-7.982728347475061,9,2023,False
0.3002202,37.90494796869356,-8.541889999692946,-1,2023,True
6.93613428,38.7080287616131,-8.44650967683799,-1,2023,True
0.08947952,40.58047506657442,-7.614927153105054,7,2023,False
0.74287896,41.70007791742471,-8.515749493041051,9,2023,False
1.99944925,41.410718040250195,-8.190102387591482,9,2023,False
0.52734729,39.016061606920545,-7.907061438030129,-1,2023,True
0.83203456,39.03659428725877,-9.214819686151086,-1,2023,True
0.69961185,38.90212519339145,-8.844510610251195,-1,2023,True
0.61238027,39.87396474629931,-7.2134897433516985,-1,2023,True
1.63116552,40.88331807620987,-8.269889766016249,9,2023,False
0.50105133,39.34297581888954,-8.239378149138089,3,2023,False
0.96978429,41.27151223380172,-7.148185801776786,-1,2023,True
1.10744532,41.80285050845416,-8.724793077681705,9,2023,False
72.67266846,40.773828861622306,-7.832313455798642,9,2023,False
118.31710213,37.23564247122581,-8.85253996771533,-1,2023,True
0.47330633,41.20171992933279,-7.160143438365895,-1,2023,True
0.97115605,40.980414946086015,-7.957651468905128,9,2023,False
8.66910333,41.135171230878505,-8.253042570671893,9,2023,False
0.63298036,41.241696977764505,-8.195101980642928,9,2023,False
0.46691732,41.29204144946251,-8.566904573610145,9,2023,False
0.5742947,40.78238600587472,-7.8299467487390615,9,2023,False
4.04679007,41.79958989015905,-7.798248323133072,9,2023,False
0.69043197,41.24194402486207,-8.193321367593443,9,2023,False
0.23111302,38.884350458852964,-7.0465427889585515,1,2023,False
1.43310852,41.554294194935146,-8.24956309535729,9,2023,False
2.95537208,41.476980902442634,-8.221901855279839,9,2023,False
2.75142344,41.731287990491516,-8.336495854453394,9,2023,False
1.16993114,41.25852665179532,-8.134494999256413,9,2023,False
12.75562855,41.24650367790591,-8.13317366533082,9,2023,False
27.68923635,41.298983684926306,-8.567488744487166,9,2023,False
6.02663889,38.10057929925042,-7.655762216594494,2,2023,False
101.61523972,41.49519025429455,-8.096337703781575,9,2023,False
1.19818765,41.227678203299455,-7.838570004908787,9,2023,False
2.93938261,41.50434542044333,-7.7744519632423,9,2023,False
26.16169993,41.44663729112985,-8.084060803034808,9,2023,False
7.96991778,39.74282759806118,-8.83694721514133,4,2023,False
13.77082689,41.82292709906395,-7.068142947728984,8,2023,False
1.18526608,41.55584436110081,-7.937566286031173,9,2023,False
0.85137141,41.82029524945774,-8.761297493582108,9,2023,False
1.01692656,41.610806894531734,-8.082670818698743,9,2023,False
3.00601655,41.458332683223084,-8.060547833195765,9,2023,False
1.48439969,41.71063427228019,-8.36181257704475,9,2023,False
0.74785531,41.460211754376616,-7.689357361417408,9,2023,False
20.16332858,41.130840691475406,-8.253107477371861,9,2023,False
1.74877702,41.13303118422322,-8.249345252839662,9,2023,False
4.89816942,41.73622957032369,-8.448204313112198,9,2023,False
2.27946693,40.82810124200536,-8.250545998978659,9,2023,False
4.85973515,41.29833486528977,-8.56063137167628,9,2023,False
0.82842897,41.779251162000385,-7.611359914460634,9,2023,False
0.83407088,41.304545721281336,-8.291265911845068,9,2023,False
1.49695124,40.54859140233499,-7.367154129586317,-1,2023,True
211.91666145,42.066737711006844,-8.291009001794746,9,2023,False
1.68729084,41.44794734274865,-8.087358871779276,9,2023,False
1.13925827,41.56891157924109,-8.208809026098725,9,2023,False
4.93906747,41.25365795575646,-7.879392732351343,9,2023,False
1.06237163,41.560351683092485,-8.598208716752849,9,2023,False
15.27364608,41.001932347286036,-7.877103785086413,9,2023,False
2.76136426,41.182986070952204,-8.090860223896872,9,2023,False
6.74682462,41.77177848028382,-8.824254286107099,9,2023,False
18.18399229,41.47194200001422,-7.630717330400092,9,2023,False
218.37924736,41.99166204732315,-8.549467875082602,9,2023,False
0.86906693,39.044514780591285,-9.255237190403468,-1,2023,True
0.08194566,38.88870571200712,-9.28650330774957,5,2023,False
338.04038833,42.068201412885735,-8.326335559586907,9,2023,False
12.57981942,41.22985663745951,-7.838036295320902,9,2023,False
2.22971658,40.88272181884241,-7.876694915273573,9,2023,False
34.56610291,41.46098805975168,-8.065027780432537,9,2023,False
77.84841567,41.5627269482131,-8.062897998617704,9,2023,False
58.21095728,41.173600967746715,-7.992353249902356,9,2023,False
0.51176752,39.01527690947146,-9.160499691702741,5,2023,False
0.79374231,39.20550434590889,-8.854982894618683,6,2023,False
1.20103242,39.241238989104374,-9.14262462507822,6,2023,False
17.02448087,40.9565007798501,-8.070103068628647,9,2023,False
23.16343989,40.96091949822883,-8.067229833519187,9,2023,False
15.03304769,40.34787409441815,-7.684678057772105,-1,2023,True
0.03838416,38.895570992836,-7.233890243862366,1,2023,False
2.96267456,41.834926598965794,-8.667296206961206,9,2023,False
1.17079389,41.0265468592417,-8.19079357019152,9,2023,False
2.92881542,41.28889377324466,-7.921145879593631,9,2023,False
0.05012117,41.714003664067874,-8.783332239394245,9,2023,False
0.08483528,41.786959541703716,-8.709727672986077,9,2023,False
3.09729564,40.35910918042827,-7.220442002694966,-1,2023,True
2.80023782,41.268101424054,-8.322117647651217,9,2023,False
0.75342055,40.8766535469984,-8.265334775154678,9,2023,False
1.70767283,41.795758349604746,-7.797937377948809,9,2023,False
9.40754721,40.96390472909509,-8.050128297930161,9,2023,False
7.03299246,41.08286984037169,-7.864028550103044,9,2023,False
1.80821894,41.65487539693663,-8.020741638686655,9,2023,False
25.75368347,41.83792857423004,-8.32284428599132,9,2023,False
2.50654593,41.65965076079307,-8.129748991122742,9,2023,False
0.66816112,41.67657629788455,-8.095145926204111,9,2023,False
14.16722194,42.03970159268623,-8.226178101746646,9,2023,False
6.3146895,41.645754408554886,-8.166879516202407,9,2023,False
