AreaHaSIG,lat,lon,cluster,year,is_noise
0.22032336,41.69026729897077,-8.752716975858796,12,2020,False
0.20147918,41.78812104443835,-8.729710698976998,-1,2020,True
0.01503482,41.870380307956495,-8.523743691976485,-1,2020,True
6.34118608,38.88744065629709,-9.283243058794335,1,2020,False
1.6963761,37.29244757131051,-7.615394717280722,-1,2020,True
29.29902813,37.13509167742701,-8.891883956919134,-1,2020,True
2.78330228,37.314424201439365,-8.150152242476501,-1,2020,True
1.16829981,37.37435489848853,-7.482418375693404,-1,2020,True
9.53621469,37.03175343277525,-7.9084784636730605,-1,2020,True
2236.41903428,37.130139093720025,-8.831183991252583,-1,2020,True
2.44153317,37.321295594653876,-7.81902156174605,-1,2020,True
535.63297121,37.366083503253634,-8.335573994587525,-1,2020,True
5.47219224,37.401647302796945,-7.461595251474305,-1,2020,True
5.9366646,37.178081100946386,-7.632082385944214,-1,2020,True
7.95972748,37.126741602416324,-8.785181738030037,-1,2020,True
1.4348407,37.15802404575022,-8.671362034820683,-1,2020,True
0.15955503,38.69003005691016,-7.441823872122967,0,2020,False
0.00012712,38.69841541333349,-7.402295673332654,0,2020,False
14.77968892,38.547973806382366,-8.420371115221643,-1,2020,True
0.12667741,38.59406601784835,-7.898932535475372,0,2020,False
0.65798928,38.82984420062213,-7.407739132248912,0,2020,False
1.88285864,38.50669501814235,-7.58668132750222,0,2020,False
0.89000124,38.828722694020435,-7.409505435612892,0,2020,False
3.39754747,38.85054417716922,-7.581134195664486,0,2020,False
0.44506052,38.52813103369232,-7.865985768315051,0,2020,False
29.67049609,38.3502190601935,-7.49312451971161,0,2020,False
3.99346622,38.38873243526543,-7.515129340044714,0,2020,False
0.17573548,38.84289331788405,-7.862721623523358,-1,2020,True
0.86949652,38.580439173958425,-7.766631043054051,0,2020,False
1.67398781,38.529576547935605,-8.006590727703376,0,2020,False
0.06181232,38.717540156523086,-7.561726961737079,0,2020,False
2.31240849,38.8698805859618,-8.185498434128569,-1,2020,True
14.98895675,38.54411462186895,-7.392300020097115,0,2020,False
0.62134818,38.82951788405407,-7.408984438353269,0,2020,False
0.12991484,38.31472518519565,-7.584309787574093,0,2020,False
0.73888021,38.68972587031137,-7.473950376761698,0,2020,False
1.2449304,38.79632534844094,-7.216846540635189,0,2020,False
0.91966384,38.827923585369014,-7.410930713072439,0,2020,False
0.72910009,38.475219204639856,-7.57419645404785,0,2020,False
1.34144146,38.87685123330438,-7.8430226953141995,-1,2020,True
9.10982553,38.29102413608436,-7.258731161971447,-1,2020,True
0.46450419,38.96306827402257,-7.519525402308448,0,2020,False
5.12758957,38.763276251077265,-8.356622239874202,-1,2020,True
0.00709363,38.82788738757301,-7.410350951124577,0,2020,False
20.24002623,38.92140218706197,-7.979732406450125,-1,2020,True
0.02263238,38.322847368436854,-7.949959453770762,0,2020,False
0.58581794,38.418368900593755,-7.545214089862873,0,2020,False
0.35452441,38.5097236808086,-7.59528302085871,0,2020,False
0.04074603,38.69594850554836,-7.561869078209897,0,2020,False
4.0426157,38.92933519503693,-7.594558787125883,0,2020,False
0.01033888,38.59888425565116,-7.889469992526391,0,2020,False
0.04661255,38.829184707703675,-7.410016356667527,0,2020,False
0.13495244,38.41706580000382,-7.546030848147989,0,2020,False
10.77401838,38.59901887766612,-7.467568371747633,0,2020,False
0.17606763,38.50821622451597,-7.602416971875319,0,2020,False
0.33340718,38.382210434309506,-8.147696740830735,-1,2020,True
21.47573095,38.73254924513943,-7.259655382865469,0,2020,False
0.05689878,38.73155010321366,-7.464567832347343,0,2020,False
0.66229631,38.79028477608157,-7.900462806503882,-1,2020,True
0.08494654,38.32667013418257,-7.873442426958186,0,2020,False
0.00030456,38.705668216670865,-7.405016800014976,0,2020,False
0.01678722,38.72004327147155,-7.563910021254293,0,2020,False
0.05628038,38.50374520253996,-7.591679240270468,0,2020,False
1.73995191,38.809542333579444,-7.53153449394974,0,2020,False
0.51927495,38.64734387557407,-7.962249897330833,0,2020,False
0.13771073,38.63455068586892,-8.520307515366428,-1,2020,True
25.18642571,38.53023894682632,-7.935638610814724,0,2020,False
0.04014223,38.565921198543116,-7.677811320769912,0,2020,False
0.0375659,38.35805793523145,-7.916816404098002,0,2020,False
0.8640017,38.70609046303966,-8.1691079559159,-1,2020,True
0.00299497,38.726306418620794,-7.46102676559172,0,2020,False
1.29175181,38.68243385051009,-7.9507496754333555,0,2020,False
0.6281182,38.8349335448868,-7.534218603449164,0,2020,False
1.36567962,38.44518975649558,-7.773002639630928,0,2020,False
1.42730202,38.280435324048874,-7.464700596165374,-1,2020,True
1.44100536,38.76806636235356,-8.381151006041733,-1,2020,True
2.10069809,38.34477722872023,-7.5291621592972975,0,2020,False
0.01869129,38.722501052244674,-7.6836793459722985,0,2020,False
0.7544303,38.70803625987561,-7.668075242441731,0,2020,False
1.6376778,38.76985094801337,-7.595970824630571,0,2020,False
0.02517042,38.718582002697254,-7.566081673548123,0,2020,False
21.85483694,38.80878362151455,-7.643199809178645,0,2020,False
0.12652863,38.310531782660334,-7.470994174641305,0,2020,False
2.60546401,38.26606377499656,-7.608314078819764,0,2020,False
0.69971528,38.6911203291982,-7.5325115765236035,0,2020,False
0.49871506,38.34465067099098,-7.509959737995878,0,2020,False
0.46607,38.337625150379694,-7.997459032997661,0,2020,False
0.02023649,38.74575082535362,-8.201853991668967,-1,2020,True
0.43777069,38.52770364646106,-8.133697320838435,0,2020,False
5.85551146,38.71193053351087,-8.306830571095313,-1,2020,True
1.06230245,38.70417427986726,-8.231831911111916,-1,2020,True
0.49130297,38.55350123697226,-8.194629774970547,-1,2020,True
2.72877916,38.53164276249446,-7.852937458966747,0,2020,False
2.53588783,38.427558061895645,-7.726683920843492,0,2020,False
12.88736165,38.37374474530892,-8.284107704609529,-1,2020,True
1.23618422,38.916455029345954,-8.218496966475726,-1,2020,True
10.03455146,39.29717746504375,-7.800109868287475,-1,2020,True
4.14248613,39.42552069023302,-7.642031163797273,-1,2020,True
1.45521526,38.88528923972929,-7.224658453632695,0,2020,False
2.05205331,39.06566269736027,-7.917858580107049,-1,2020,True
3.9273947,38.93470386973879,-7.023182181265339,-1,2020,True
0.04170797,39.35152006278038,-7.646966810984261,-1,2020,True
82.49604908,38.85860534437634,-7.389756736005363,0,2020,False
32.59839586,38.973248911509245,-7.315861503225182,0,2020,False
1.6297012,39.17628282657308,-7.8671996086800275,-1,2020,True
703.59200417,39.118963745447445,-8.004741974736877,-1,2020,True
1.91511265,39.41489058758325,-7.6785876313327,-1,2020,True
2.70381935,39.29654565755942,-7.97750446242875,2,2020,False
25.36787024,39.29431866709458,-7.845381684198602,-1,2020,True
5.64222096,39.279390566961105,-7.726469169709263,-1,2020,True
492.67002773,39.42255230591853,-7.322061295745054,-1,2020,True
3.53200296,38.962218196930316,-7.2887585555471945,0,2020,False
36.28192098,38.923806815263525,-7.711757611218673,0,2020,False
2.83880626,39.45093789538567,-7.383194403580695,-1,2020,True
6.06217441,39.25507619164093,-7.997182145192577,2,2020,False
10.18758452,39.099403768644805,-7.075232577870268,-1,2020,True
1.59601125,39.604301067704746,-7.667492560519666,-1,2020,True
1.66843153,38.89439921273149,-7.224478132969508,0,2020,False
0.03928286,39.28616378482581,-8.090977466709145,2,2020,False
5.34646701,39.271107385824955,-7.68657750640265,-1,2020,True
3.33104087,38.813839996642955,-7.189229863689432,0,2020,False
5.40919065,38.81849875975991,-7.185171501744218,0,2020,False
9.02009695,38.77375514326441,-7.2087038191167485,0,2020,False
27.80587477,39.0212775053936,-7.707944378996199,-1,2020,True
1.97448706,39.34485744204843,-7.7039139196967374,-1,2020,True
1.7708476,39.1051563393336,-7.034029657908651,-1,2020,True
5.87514068,38.29757353051155,-7.954815124690028,-1,2020,True
3.92226581,37.65245666348969,-8.7708394861737,-1,2020,True
1.86175631,37.74562375248194,-8.769678168978379,-1,2020,True
79.2535976,37.75474018888601,-8.531477410668197,-1,2020,True
4.84715028,38.02237982784647,-7.8154987096014255,0,2020,False
1.10941561,37.83357571594096,-7.815868463786587,-1,2020,True
4.04161118,38.03865146479231,-7.739297688552762,0,2020,False
3.72270603,37.63994403835285,-7.554395404343219,-1,2020,True
19.2463686,38.03995909913784,-7.7359138820112525,0,2020,False
6.52794429,37.93680498713474,-7.781712712949903,0,2020,False
1.95840982,37.56370714211079,-8.031110390652527,-1,2020,True
2.30364882,37.53744282522369,-7.960768571967771,-1,2020,True
3.95496269,38.184002711453154,-7.929605123369425,0,2020,False
117.63154722,37.89994722912158,-8.217151846978723,-1,2020,True
1.86212304,38.23635484316816,-8.036231631062932,-1,2020,True
1.40719268,37.643938614343384,-7.5569464883015565,-1,2020,True
4.43497347,37.75124131997473,-8.220313989383047,-1,2020,True
1.00240746,38.01864024587525,-7.490906876129911,-1,2020,True
3.76222163,38.07152852562855,-8.003304621544785,0,2020,False
2333.96440761,37.73544623508992,-8.050478661386308,-1,2020,True
2.10855503,37.50138382840243,-7.7030782613173,-1,2020,True
1.55540874,38.061437023448036,-8.033156439465433,0,2020,False
5.84284692,38.03598300746549,-7.8505556790024,0,2020,False
1.93301332,37.41388513208553,-8.539012154541062,-1,2020,True
21.40442134,37.78582715821734,-8.773754151177034,-1,2020,True
1.92267375,37.4169519219258,-8.09313279932509,-1,2020,True
2.43852596,38.0258002227332,-7.856002896914634,0,2020,False
1.28533891,37.48696757228399,-7.8874094413349605,-1,2020,True
1.64795822,37.58294585256516,-8.08407309066256,-1,2020,True
2.22016805,38.028972166176914,-7.851957990967129,0,2020,False
2.16118261,37.45999341953421,-8.2259964161605,-1,2020,True
1.29583962,37.46235545473234,-8.226666862318122,-1,2020,True
0.57932218,38.03045990959507,-7.85283944842434,0,2020,False
4.6978541,37.72060619893452,-8.728497413904545,-1,2020,True
4.20921522,37.93298885329188,-7.391024137919737,-1,2020,True
1.39132951,37.99184774507557,-8.185922660536999,-1,2020,True
1.33336496,38.02979445693716,-7.857231098353795,0,2020,False
5.33183028,38.14170339229568,-7.851896210532812,0,2020,False
0.99882184,37.83108684215032,-8.518320164446562,-1,2020,True
1.92527013,37.98994267255246,-7.433226116215846,-1,2020,True
1.06947932,38.03148134898763,-7.850975979990794,0,2020,False
4.49905373,37.98568190995368,-7.317465362459877,-1,2020,True
1.23901509,38.09631092718793,-8.209777853160904,-1,2020,True
2.22884935,38.244812730869505,-8.037975514102078,-1,2020,True
8.55287202,37.49892762649819,-8.172515228652209,-1,2020,True
1.22322814,38.04341926465617,-7.608917648794207,0,2020,False
11.00131691,37.923608476703514,-7.39009631832504,-1,2020,True
1.65540308,37.44341620218058,-8.282228545188229,-1,2020,True
1.7569528,37.775048559143414,-8.015882881937257,-1,2020,True
23.94644039,37.99672593713875,-8.039611691510379,0,2020,False
12.41046843,37.96811170363873,-7.599398245528531,0,2020,False
2.45619932,37.77993272815281,-8.29608658416934,-1,2020,True
1.46421726,37.78072307384296,-8.358348045787203,-1,2020,True
3.40790854,38.052519298902276,-7.981138302656325,0,2020,False
1.79199478,37.840338153534816,-7.640525675827074,-1,2020,True
11.27758163,38.306355833101684,-7.955835274147338,-1,2020,True
2.35029541,37.7240827638561,-8.651433158983922,-1,2020,True
7.36199856,38.24106972074386,-7.374573751428921,-1,2020,True
1.79848735,40.33566919154972,-7.074901633841824,-1,2020,True
5.35879249,40.40343839325832,-6.891632140252481,-1,2020,True
5.60737863,40.941338515657456,-6.951053877547852,5,2020,False
1.37886537,40.314261604027706,-7.735842155038587,-1,2020,True
0.26865416,40.54221657587456,-7.341876718750379,-1,2020,True
1.46621953,40.93648601443039,-6.9440405251238975,5,2020,False
1.5052285,40.774194356464264,-7.219251286326319,-1,2020,True
1.35433607,41.14272126060832,-7.153319183682052,5,2020,False
1.21893763,40.590553713287406,-7.5202826730360055,-1,2020,True
1.09919973,40.691366323328985,-7.105979168570609,5,2020,False
2.22528863,40.60763704133924,-6.849843601117385,-1,2020,True
1.82858009,40.4762491082185,-7.164985675571576,-1,2020,True
11.9793954,40.83914954335433,-7.024481555915009,5,2020,False
91.66982759,40.809493172537785,-7.063336132579463,5,2020,False
1.71822818,40.730186391377316,-7.125207999072813,-1,2020,True
9.07825702,40.94549207045144,-7.156799251636157,5,2020,False
1.02624422,40.294548238210275,-7.2371222935783,-1,2020,True
1.42571014,40.78657430087904,-7.3768714498038515,-1,2020,True
3.11576497,40.81548440680773,-7.054975814740819,5,2020,False
1.7694945,40.67931600447555,-7.108256920001738,5,2020,False
2.89096768,40.673885309055684,-7.136638605473598,-1,2020,True
6.15804702,40.72782265682925,-7.3584083533882385,-1,2020,True
1.21053583,40.644468973619674,-7.296126400344876,-1,2020,True
104.29832623,40.554092346865495,-7.5848310303642625,-1,2020,True
21.00996572,41.029741093956495,-7.205034969628016,5,2020,False
3.06553129,40.380003327434565,-7.0795840695854135,-1,2020,True
3.95292605,40.57730634982795,-7.074109187675605,-1,2020,True
2.9697613,40.60054118179209,-6.895599544672432,-1,2020,True
3.43809847,40.994130072670075,-7.339337393671964,5,2020,False
112.10573954,40.638852042578165,-7.035849213635797,-1,2020,True
0.28888374,40.613123018954404,-6.8398312037621505,-1,2020,True
1.27192716,40.67612503145642,-6.854717686033339,-1,2020,True
685.72589009,40.31414608990951,-7.1980159715266625,-1,2020,True
1.11931449,40.51353984611502,-7.095996422830119,-1,2020,True
23.70582152,40.75134958845852,-7.455490171433654,-1,2020,True
1.85632053,40.67421688850325,-6.975501279588917,-1,2020,True
2.41559983,40.81919324157059,-6.878439461064589,-1,2020,True
4.64143423,40.695534338670114,-6.991736195545162,5,2020,False
129.64492838,41.10404758911348,-7.2696631434490575,-1,2020,True
57.8100556,41.10703830732361,-7.281376865444319,-1,2020,True
6.11851343,40.60852322282882,-6.846745081448401,-1,2020,True
6.39705801,40.90222598677012,-7.0448868899009955,5,2020,False
3.16965586,40.42496359673305,-7.837231558838118,-1,2020,True
10.01228446,40.2889075645393,-7.094670491770375,-1,2020,True
2.69293992,40.75564464481772,-7.2420408179667195,-1,2020,True
6.65179705,40.65018857012112,-6.9338269389219365,-1,2020,True
13.36290427,40.348846368678494,-7.558016747065012,-1,2020,True
2.3293069,40.93946406044631,-7.199928149125477,5,2020,False
67.16511148,40.44215043043294,-7.751620313502601,-1,2020,True
6.52984142,40.5170931886746,-7.647430748788375,-1,2020,True
9.53056212,40.92949708959617,-7.01140127752517,5,2020,False
31.53058154,40.56494148160446,-7.565378097380801,-1,2020,True
26.00357762,41.10463321433662,-7.2618595095250065,-1,2020,True
181.04445068,40.94446451184363,-7.024996916573556,5,2020,False
235.74250294,40.954170614148246,-6.978403717081469,5,2020,False
2.32390554,40.90993540448517,-6.932722047026779,5,2020,False
15.82468058,40.60903746823456,-7.197164742773248,-1,2020,True
1.00510676,40.95084408919459,-7.006153142466846,5,2020,False
1.43913646,40.95027097608163,-6.943893768763507,5,2020,False
4.81517752,40.571011392325225,-7.282589389040486,-1,2020,True
10.35935966,41.122060258296486,-7.261318061686996,-1,2020,True
21.65103131,40.97313524237649,-7.154732941773625,5,2020,False
9.72544481,40.972896259689726,-7.167381349753375,5,2020,False
5.40333499,40.93916181390523,-6.999240848859397,5,2020,False
1.64075849,40.53980528791666,-7.594926439451345,-1,2020,True
3.62976553,40.60199433488384,-7.56195423744768,-1,2020,True
3.85069233,40.43259723309794,-6.953759275225785,-1,2020,True
3.91345408,41.03609307135565,-7.21056912649043,5,2020,False
15.30185463,40.70685211594178,-7.08979589839867,5,2020,False
3.77699025,40.94880552343206,-7.001409144979793,5,2020,False
68.6432365,40.445123691978004,-7.084902478386308,-1,2020,True
9.31435104,41.051391583947705,-7.196135463434626,5,2020,False
3.24334627,40.976582275225816,-7.018990347933783,5,2020,False
6.08991486,40.975812699637835,-7.167398401572039,5,2020,False
1.44407837,40.7733428864312,-7.195281424930648,-1,2020,True
1.49700188,40.934088314261594,-7.039591749991593,5,2020,False
1.60672971,40.51575608097798,-7.184658126805771,-1,2020,True
15.76780918,40.90227598360757,-7.109808459734098,5,2020,False
4.30681115,40.56896045318711,-7.282559436531954,-1,2020,True
1.30541233,40.94191190077781,-6.998469840103025,5,2020,False
8.00676785,40.630179604432996,-7.489108943273889,-1,2020,True
43.93053753,41.03740591241623,-7.195131380924885,5,2020,False
95.98544606,40.944431566680045,-7.181649312931029,5,2020,False
1.48147707,40.51340693238552,-7.365680133355744,-1,2020,True
6.31399928,39.799134303460136,-7.1087962005884355,-1,2020,True
1.87835831,40.234560130062235,-7.375730489961502,-1,2020,True
587.02509578,39.943709823087126,-6.911696618830564,-1,2020,True
24.71635353,39.98634247581242,-7.422710035584164,-1,2020,True
2.07459273,40.12689540467561,-7.164502693195877,-1,2020,True
6.38051514,39.87270092922077,-7.368017003340871,-1,2020,True
6.20184829,39.813613023566205,-7.494839180809423,-1,2020,True
2.19025584,40.03883484918207,-7.345007523738541,-1,2020,True
0.79215369,39.94991043170796,-7.412729381790703,-1,2020,True
1.28570608,39.94099548367347,-7.858933135126083,-1,2020,True
1.85833081,40.228741488786646,-7.663748478128471,-1,2020,True
14.13820818,39.669171470055986,-8.106748350825017,2,2020,False
1.38099582,39.94851437548531,-8.061084654869205,-1,2020,True
1.96823945,39.8776744071526,-7.380760976849891,-1,2020,True
2.31295488,40.216939250020474,-7.3603771215466045,-1,2020,True
13.1878125,39.72985103027788,-7.744993804655567,-1,2020,True
84.84220989,39.927240195296996,-7.445099357010239,-1,2020,True
1.67079938,40.04862232520832,-7.31162791398894,-1,2020,True
1.52536131,39.95342553883549,-7.421088902166269,-1,2020,True
1.17917402,39.954274656146175,-7.468097271402574,-1,2020,True
5592.21002157,39.83632080165731,-7.94033446448156,-1,2020,True
23.71476501,40.35224571674689,-7.3071186487471405,-1,2020,True
1082.77341929,40.213207179742135,-7.757865793004863,-1,2020,True
9.03865416,40.03785330234781,-7.039621421064379,-1,2020,True
781.43590802,40.05440995961387,-7.782033571329738,-1,2020,True
482.4663964,40.221888333874006,-7.357985331738194,-1,2020,True
92.59716168,40.31028752572078,-7.503294431000353,-1,2020,True
2.37708537,40.337119844050456,-7.375799173846053,-1,2020,True
0.31199374,40.284428405001094,-7.520702751900107,-1,2020,True
31.51673719,39.754359603454965,-8.061813157953756,-1,2020,True
246.75451374,40.14154782421297,-7.723692874824047,-1,2020,True
4.77801091,39.83978421253788,-7.718361484129403,-1,2020,True
1.13232577,40.106092112403466,-7.609800047208113,-1,2020,True
1.5631413,40.04218689458222,-7.529022246153985,-1,2020,True
3.15746282,40.04166544540543,-7.492814772329546,-1,2020,True
318.85301524,39.845507047215605,-7.352414473544334,-1,2020,True
6.76394675,40.13072610650305,-7.174726476880016,-1,2020,True
14885.56610283,39.90601340542308,-7.819470584171612,-1,2020,True
2.73439137,40.18354791294732,-7.145018757522279,-1,2020,True
2.28911576,40.31203588188873,-7.303357935108936,-1,2020,True
17.16912048,40.98739178420491,-7.927668130274143,-1,2020,True
37.85518656,40.995147169687506,-7.907102970628808,-1,2020,True
1.70740312,40.96027333107854,-8.077644798782117,8,2020,False
6.07581232,40.898152685148254,-7.86862022975764,-1,2020,True
5.93223838,41.04427999080615,-7.922047054666925,-1,2020,True
0.04285081,40.679371032062896,-7.935352552495992,-1,2020,True
1.06629747,40.63439013147955,-8.03653904519334,-1,2020,True
35.31985865,41.036794128525386,-8.078214803682632,8,2020,False
1.520285,40.601455833917726,-8.19216066704999,-1,2020,True
0.34656293,40.676127697612976,-7.933475332250688,-1,2020,True
1.10112821,40.95107067651484,-7.484571167342825,-1,2020,True
0.10658764,40.93950923955833,-8.089689319065847,-1,2020,True
1.00137921,40.664897400178866,-7.833968829089833,-1,2020,True
2.23204859,40.762439051589126,-8.269720068403833,6,2020,False
0.06132505,40.60414901243717,-8.013505881202835,-1,2020,True
0.89050524,41.02033988683003,-8.176668608499167,-1,2020,True
4.30786811,40.88587549373191,-7.860035719795547,-1,2020,True
768.48603192,40.99023858705062,-7.506026545860406,-1,2020,True
14.05787857,41.012090403488415,-7.8544931241210465,-1,2020,True
4.66166561,40.89167107004226,-8.050656184753057,-1,2020,True
0.7457428,40.88476835616631,-7.808814107646957,-1,2020,True
1.1019651,41.02587946289263,-7.893871999597948,-1,2020,True
80.72600951,41.131938646401245,-7.8470581449124435,-1,2020,True
1.89657468,40.6034606781675,-7.884745358703571,-1,2020,True
3.42215168,40.59191217029201,-8.044430393376667,-1,2020,True
1.19662667,40.60672697598072,-7.611294972927968,-1,2020,True
100.08682285,40.727618962277745,-8.004918993474547,-1,2020,True
0.11512275,40.946412691180136,-7.930414596098274,-1,2020,True
1.47109218,40.54856600716493,-8.04921251034897,-1,2020,True
1.7750678,40.71112629461288,-7.801396713913709,-1,2020,True
2.60261367,41.01174872478833,-7.936425078600432,8,2020,False
2.74422511,41.04844485492091,-7.896583913698576,-1,2020,True
0.53146448,41.13125351900366,-7.838567450158009,-1,2020,True
83.80747624,41.04472941665722,-8.117716729269024,8,2020,False
1.70120031,40.52089654599459,-7.798940015596996,-1,2020,True
3.51239269,40.90190418842041,-7.605558248761925,-1,2020,True
2.42206942,41.05787118505346,-8.052997049499293,8,2020,False
1.27456084,41.095239414357536,-8.100393219028108,8,2020,False
2228.9779721,40.896447839803756,-7.556801535347023,-1,2020,True
1.10370557,41.03301893197048,-8.067691152064866,8,2020,False
0.26608987,41.01152885101001,-8.024157579281205,8,2020,False
1.12034628,41.01212591095094,-8.023594522441714,8,2020,False
0.23140875,40.90421351691202,-7.9274865047140075,-1,2020,True
3.19629436,40.899934835174406,-7.849941265665653,-1,2020,True
26.20168407,40.90268335713565,-7.81143504158741,-1,2020,True
4.36898295,40.97813725771732,-7.805614841251096,-1,2020,True
0.73155861,40.925975097519775,-7.810170549714379,-1,2020,True
4.63889304,40.81907992437326,-8.13053258436047,-1,2020,True
0.16500843,40.699548367462,-7.928953582994437,-1,2020,True
3.08824807,40.69127964483297,-7.842539199920686,-1,2020,True
24.15265711,40.9842506029155,-8.025954979772205,8,2020,False
3.60132329,40.931211908072285,-7.803815419184452,-1,2020,True
0.03346737,40.65753224381999,-7.890299720802396,-1,2020,True
2.17386218,40.993015466319854,-8.020322237203759,8,2020,False
1.20106998,40.99192988018286,-8.020358776165105,8,2020,False
19.63835627,41.01869324559989,-8.169273825729706,8,2020,False
452.1025832,40.930460335489826,-7.836229020751393,-1,2020,True
8.3281202,41.04810295465416,-8.095528604588901,8,2020,False
11.90402773,41.05117336947907,-8.06753638711493,8,2020,False
4.32517678,41.04776622869892,-8.079892077330497,8,2020,False
1995.08345239,40.69977511302159,-8.329190688946008,-1,2020,True
1.843652,40.96322018152956,-7.697107407453096,-1,2020,True
1.29173403,41.04072261188306,-8.077276144435825,8,2020,False
70.36816386,41.04170251979628,-8.087893217883659,8,2020,False
1.49529624,41.05370670956478,-7.879603359297908,-1,2020,True
4.90913775,40.874536386582875,-7.841995365249087,-1,2020,True
29.66884484,41.02940872316325,-8.162088376316172,8,2020,False
2.72248428,41.09901152159242,-7.934979039339555,8,2020,False
9.86218033,41.058718284175605,-8.183359609561979,8,2020,False
0.22956319,40.61878097899717,-7.844983915769072,-1,2020,True
5.22823094,41.115635136430555,-7.8365259170300225,-1,2020,True
1.50130475,41.060716903858804,-8.042856963848404,8,2020,False
4.58749691,40.720147420313644,-8.260163591895939,-1,2020,True
1.8549425,40.91316632820422,-7.710237223552214,-1,2020,True
12.74049842,40.977070085130094,-7.461444433870667,-1,2020,True
0.10327787,41.11240096245416,-7.523506970391278,-1,2020,True
18.33967155,40.54644504139578,-7.776975683645891,-1,2020,True
1.0332416,40.89678714014517,-7.857968619357233,-1,2020,True
1.2322309,40.9816262896695,-7.994296918218626,8,2020,False
1.22132587,41.05587453131578,-8.050576897393773,8,2020,False
2.68343977,41.001520565095745,-8.151233472539847,8,2020,False
36.802653,41.04507673697633,-8.134031797669062,8,2020,False
4.06491222,41.009418513386535,-7.941962642947261,8,2020,False
65.25992306,40.991402576596776,-8.041805093458807,8,2020,False
21.21113931,41.06067002066947,-8.03821579872261,8,2020,False
123.83770229,41.02581721803543,-8.07225515635546,8,2020,False
27.00636792,41.019615956565836,-8.066012722064492,8,2020,False
31.03909318,41.01786368460822,-8.13345322762381,8,2020,False
295.1872913,41.05133462394071,-8.02588735193837,8,2020,False
6.16326771,40.94391842528695,-8.043891992653469,-1,2020,True
28.63160148,41.0141932831029,-8.072258373325266,8,2020,False
2.74632146,41.08366575531733,-7.8650077290853,-1,2020,True
1.70320681,40.91445530355029,-7.807420473540287,-1,2020,True
25.20499687,40.94472273527333,-8.056350053065241,8,2020,False
35.51342046,40.9583624037199,-8.002950709957947,8,2020,False
0.79698323,40.636253487274146,-8.032999214938215,-1,2020,True
19.70526849,41.02164117500809,-8.064894208454747,8,2020,False
156.27918116,40.05895585072882,-7.816553417456126,-1,2020,True
1.13659438,40.28084187354571,-8.482230263573651,-1,2020,True
2.75639032,40.071703598659525,-8.19744742474446,-1,2020,True
3.03414152,40.21988378063531,-8.34363725988852,-1,2020,True
4.50930354,40.07551434407419,-8.536198842255802,-1,2020,True
4.88074617,40.39793203097919,-7.80013602204408,-1,2020,True
14.06266616,40.096177372106794,-7.775023487081494,-1,2020,True
1.33621705,40.23260583900991,-7.811767609296333,-1,2020,True
1.69581423,40.075902010604764,-8.10756121570433,-1,2020,True
2.3590656,40.35451044099555,-8.651812080041296,-1,2020,True
1.50165262,40.252906661058105,-8.41509534881301,-1,2020,True
1.26702197,40.21022674548931,-7.853233932926675,-1,2020,True
7.67159543,40.25013766355101,-8.730503169303399,-1,2020,True
2.52347731,40.122631190385256,-8.792938451258944,-1,2020,True
1.17101212,40.416572016958504,-8.622537853096887,6,2020,False
1.50951516,40.86696826721234,-8.277205108505632,-1,2020,True
0.21906385,40.41498013802642,-8.422924984274195,6,2020,False
0.08656746,40.3449177412328,-8.478182447359094,6,2020,False
5.24018282,40.93703358987338,-8.480885321472854,-1,2020,True
0.16029122,40.467576187574316,-8.539595722088734,6,2020,False
0.12273518,40.51145480369024,-8.579535833629604,6,2020,False
60.014884,40.72379662217039,-8.480860121548002,6,2020,False
0.57059207,40.63423624418094,-8.503738812017003,6,2020,False
0.1415604,40.557107990494224,-8.567360968447892,6,2020,False
0.10839936,40.53389988818213,-8.526357179833662,6,2020,False
572.54972504,40.88620070325636,-8.14861081798582,-1,2020,True
13.8140404,40.861593641879445,-8.280850451706435,-1,2020,True
22.76344323,40.864835846323224,-8.27287335924633,-1,2020,True
0.01748737,40.35863146546096,-8.472440560669824,6,2020,False
4.15236946,40.865969338575034,-8.266954796748287,-1,2020,True
0.02032548,40.54672207021323,-8.53610109924611,6,2020,False
0.05403625,40.4646377819454,-8.445926008004301,6,2020,False
0.07215228,40.363149077246284,-8.391700307207591,6,2020,False
2.42977354,40.93439914423352,-8.523270478723438,-1,2020,True
1.3175594,40.849300010832444,-8.272836819667845,-1,2020,True
4.72603994,40.82073473913806,-8.451464444606007,6,2020,False
1.70438663,40.84782311967068,-8.278400351261407,6,2020,False
1.53259874,40.801328513474566,-8.499714421209235,-1,2020,True
1.2187333,40.957957409316,-8.464192264418791,-1,2020,True
17.7552453,40.782933391888754,-8.528172738725189,-1,2020,True
0.08478661,40.65408103859411,-8.465458640433217,6,2020,False
0.09832054,40.51522608332848,-8.498371941170666,6,2020,False
1.31607074,40.592072514599415,-8.737502782766182,-1,2020,True
0.20733244,40.53007294987337,-8.52548348887597,6,2020,False
2.2283598,40.924300069141296,-8.599191841872143,-1,2020,True
0.31330973,40.33356162472822,-8.485066849061031,-1,2020,True
0.1595249,40.53456915761094,-8.528492084639346,6,2020,False
0.0572007,40.55258435944185,-8.56981504946986,6,2020,False
0.0968544,40.473259489277616,-8.565054040047144,6,2020,False
0.40079396,40.775046798194865,-8.502273999715241,-1,2020,True
0.00903182,40.47765492395034,-8.570871819558729,6,2020,False
0.38947485,40.53305561569311,-8.531064576803617,6,2020,False
0.07602442,40.5076559156599,-8.548127373941892,6,2020,False
0.18276361,40.47255571548113,-8.560192197168647,6,2020,False
2.12695631,40.63638224091445,-8.523404643181824,6,2020,False
0.03043449,40.34192950647865,-8.434979958238952,-1,2020,True
12.90630651,40.77601456211642,-8.506477436743367,-1,2020,True
4.04628928,40.71658939117606,-8.384091675862715,6,2020,False
0.05297427,40.54684999389026,-8.550519171622886,6,2020,False
0.09505118,40.53778973008117,-8.55487166085955,6,2020,False
27.06461547,40.783153958055,-8.311320360007231,6,2020,False
0.90147575,40.849319152751136,-8.277375409426302,-1,2020,True
0.2263632,40.481488598265216,-8.553493317451306,6,2020,False
0.37713381,40.48308156652452,-8.563391372633248,6,2020,False
0.02927842,40.29718620056282,-8.446697850551834,-1,2020,True
0.01057766,40.53634074470246,-8.529530675021823,6,2020,False
0.3781361,40.47933736011405,-8.5642607957534,6,2020,False
0.2303813,40.49201332786536,-8.349209907210666,-1,2020,True
0.06108767,40.3351530686655,-8.486960310833535,6,2020,False
2.07615363,40.8751088295268,-8.261210476751826,-1,2020,True
38.86469722,40.769479024009364,-8.494075487070889,-1,2020,True
1.27398416,40.77699117709525,-8.502678308897316,-1,2020,True
0.09766201,40.53367925753173,-8.619396160691146,6,2020,False
0.06348487,40.48388582812999,-8.40356750385231,6,2020,False
1.05212895,40.596462189584614,-8.709239382276383,-1,2020,True
32.42057497,40.95500719854468,-8.123128933797526,-1,2020,True
1.18981573,40.33561711377129,-8.488086100212199,6,2020,False
0.49066447,40.771362143358814,-8.50108518463113,-1,2020,True
9.03753816,40.878391143986015,-8.286764511107569,-1,2020,True
57.55039353,40.81485877509124,-8.307345922085661,6,2020,False
2.28096065,40.929810852506705,-8.595264987896467,-1,2020,True
1.13559264,40.42646299471088,-8.523201496372709,6,2020,False
3.27774632,40.773477915228604,-8.495891932513407,-1,2020,True
33.24597514,40.77090544396439,-8.501628115451929,-1,2020,True
0.19283299,40.53392716659789,-8.52833050126848,6,2020,False
0.21679358,40.50864472497714,-8.547632539808518,6,2020,False
0.03217264,40.32893446477454,-8.440895622937482,-1,2020,True
1.90039992,39.794407492476886,-8.648356149651779,-1,2020,True
1.50325132,39.34924566716018,-9.27626933500674,-1,2020,True
1.32173981,39.84225998659797,-8.56392611264037,-1,2020,True
11.66542056,39.600021852646265,-9.037089211658566,-1,2020,True
1.49324209,39.65096598593534,-8.7124534533296,2,2020,False
0.89071765,39.58430071137356,-9.046963735310214,-1,2020,True
1.17075698,39.36837416383169,-9.236071236925088,-1,2020,True
41.74852341,39.68200941774046,-8.711080726654973,2,2020,False
2.86257465,39.8651448147083,-8.24012960586201,-1,2020,True
4.29386449,39.755162704462435,-8.680623725093898,2,2020,False
533.71121944,39.491116929002104,-8.825555401591304,2,2020,False
1.0451833,39.63303775330926,-8.725919827597501,2,2020,False
3.76343916,39.68878117639278,-8.654730011383046,2,2020,False
1.05446381,39.785833687718224,-8.610098025866575,2,2020,False
4.54641062,39.39452752726523,-9.241359724259942,-1,2020,True
0.59306515,39.497503536786894,-8.867045656006328,-1,2020,True
1009.30180229,39.51579855582454,-8.816882190808293,2,2020,False
4.97656361,39.818037194482905,-8.736923435519934,-1,2020,True
1.15395407,41.39508814105519,-8.186952018603316,-1,2020,True
1.24660757,41.14744587399532,-8.413727698316285,9,2020,False
1.0365126,41.395235533311904,-8.18584270685877,-1,2020,True
0.14328669,41.30841389603209,-8.493872814460277,9,2020,False
1.4436764,41.15222589725621,-8.248968925077579,-1,2020,True
1.01491127,41.113212531824715,-8.096416835020893,8,2020,False
14.49190979,41.23555307320796,-7.885100455537962,-1,2020,True
1.51324068,41.13681243928925,-8.395345283778315,9,2020,False
2.22842255,41.21541777081081,-8.402903877243507,9,2020,False
2.32107167,41.24645428947737,-8.259367569863603,-1,2020,True
0.8426349,41.08028988655936,-8.481321323890368,-1,2020,True
13.89357342,41.23060315398669,-8.130118875113642,-1,2020,True
1.74667534,41.20090523437677,-8.19960206410223,-1,2020,True
5.79771299,41.26524785625462,-8.53864326085548,9,2020,False
3.93134393,41.19439634525039,-8.554202261241807,-1,2020,True
0.86559464,41.212056923059286,-8.475544273160423,9,2020,False
14.90776913,41.26652297136891,-8.580500048627195,-1,2020,True
2.84641656,41.15018133763577,-8.30574103058973,-1,2020,True
14.1715427,41.263728126819906,-8.578087012137276,-1,2020,True
1.16518797,41.29471512108697,-8.160371324317646,10,2020,False
63.75455011,41.21527547815027,-8.447262359908933,9,2020,False
0.54641358,41.21107893459659,-8.475323656628575,9,2020,False
36.05687306,41.14509821228985,-8.342657014478199,9,2020,False
1.97602525,41.130801687576714,-8.007274306153382,8,2020,False
3.17576316,41.32798259369152,-8.283095111122682,-1,2020,True
2.08750022,41.18694535882452,-8.573372933243215,-1,2020,True
17.82934194,41.30014496608139,-8.189389296237456,10,2020,False
2.92182823,41.33749016165204,-8.131034451274864,-1,2020,True
1.49585063,41.289324474666294,-8.61576776347453,-1,2020,True
1.86931269,41.36366243457258,-8.247602126828488,10,2020,False
2.73689586,41.192128302439365,-8.457783951177968,9,2020,False
2.43137405,41.210388620666365,-8.44017640840992,9,2020,False
0.54994928,41.33752819016269,-8.132288792242036,-1,2020,True
4.42059928,41.294406818861994,-8.46634779224374,9,2020,False
4.40175215,41.296080537588296,-8.192190915896669,10,2020,False
5.34752232,41.24576027045778,-8.428048761934974,9,2020,False
438.83955735,41.2438778876133,-8.46628761238542,9,2020,False
2.7203766,41.21695582223179,-8.403689340886006,9,2020,False
2.1076119,41.337068324568314,-8.129299515323586,-1,2020,True
40.99452016,41.080277670035805,-8.485323989605913,-1,2020,True
179.66902169,41.11750909569121,-8.419838410466886,9,2020,False
2.842674,41.16288243116817,-8.276791670785999,-1,2020,True
2.50391085,41.21959779612923,-8.36086706505111,9,2020,False
1.24045463,41.19746792126169,-8.399355068173344,9,2020,False
2.86651037,41.1977299891097,-8.473741855990633,9,2020,False
4.74314421,41.16624124649306,-8.38786380769199,9,2020,False
2.87669646,41.21803686130767,-8.430759437531199,9,2020,False
0.91617612,41.27583827733204,-8.225181303488466,10,2020,False
1.48842629,41.14861841321966,-8.496921923362146,9,2020,False
1.18777607,41.148161425995205,-8.40982098309808,9,2020,False
1.93999521,41.16215221835913,-8.15084202851685,8,2020,False
12.66870002,41.2640733867949,-8.246560550783764,9,2020,False
40.09003043,41.16134200613023,-8.26758316500085,-1,2020,True
4.77854013,41.402562149817314,-8.204235817939175,-1,2020,True
6.44370294,41.1511033208804,-8.484872230630089,9,2020,False
44.98647517,41.223262804815214,-8.465569292724373,9,2020,False
6.97413716,41.4047964269062,-8.204255689055449,-1,2020,True
2.49775278,41.19690965095123,-7.970986505042205,8,2020,False
5.26802347,41.336362522492294,-8.209649421842848,10,2020,False
7.11872802,41.175721287745546,-8.375461736416927,9,2020,False
16.64696623,41.261783430098156,-8.133027758883287,-1,2020,True
1.09188174,41.21853306854343,-8.363459500801175,9,2020,False
21.64695594,41.17229278228127,-8.044853940184117,8,2020,False
2.43741709,41.27573709818599,-8.224101532479411,10,2020,False
11.46519864,41.38860517606961,-8.207409416648941,10,2020,False
4.97266123,41.21594827563783,-8.404775901083374,9,2020,False
9.3353643,41.249100696207634,-8.21865957432001,-1,2020,True
6.02771195,41.16099398939508,-8.148763852746491,8,2020,False
5.41119341,41.42875314282935,-8.741617651809891,-1,2020,True
1.01008243,41.33496982395058,-8.210620271415094,10,2020,False
1.03460997,41.14425777459201,-7.915677934192603,8,2020,False
2.68151357,41.28572484635551,-8.16726714539845,10,2020,False
5.61937376,41.36068665041274,-8.170998954439685,10,2020,False
4.54671931,41.180040775990285,-8.264968873559082,-1,2020,True
2.49749215,41.20258877951629,-8.393867405147576,9,2020,False
1.05564128,41.201974621214134,-8.372979372576244,9,2020,False
11.27019565,41.309536391105745,-8.451780514215459,9,2020,False
0.26895883,41.101444606279955,-8.142772909314267,8,2020,False
8.47578868,41.39627123357126,-8.211627761117285,10,2020,False
2.05502976,41.36193283401114,-8.170629042204737,10,2020,False
21.39295474,41.16738099578967,-7.920223443971786,8,2020,False
0.29895308,41.21607415750481,-8.465123065591266,9,2020,False
5.02617316,41.15679645737204,-8.467352540759713,9,2020,False
0.24572963,41.149598589846384,-8.482600067187146,9,2020,False
192.26218423,41.204243909372856,-8.029494723189767,-1,2020,True
5.64314972,41.3391895672113,-8.25798972416486,-1,2020,True
0.68333699,41.339752130414915,-8.256470867694206,-1,2020,True
1.14305302,41.17659374641114,-7.948666310419496,8,2020,False
2.00789796,41.1525697168887,-8.108744862417446,8,2020,False
6.84594558,41.19986282742287,-8.473974250845927,9,2020,False
0.28117162,41.21176820853248,-8.451652094218709,9,2020,False
0.74247423,41.34418229815732,-8.445352948072324,9,2020,False
6.30084044,41.310415370229634,-8.454601348312272,9,2020,False
2.9825382,41.18289270614674,-8.131193868367353,-1,2020,True
0.43015001,41.303035368759545,-8.449030347800615,9,2020,False
6.01451165,41.1009751745262,-8.137450250708763,8,2020,False
0.54527845,41.25685307314834,-8.36905227761277,9,2020,False
1.81272474,41.2179439189763,-8.471052322829651,9,2020,False
0.46819902,41.10089293406133,-8.142604297289772,8,2020,False
0.04018611,41.25683722253613,-8.37106228015435,9,2020,False
4.22664311,41.14718532597831,-8.07525687150526,8,2020,False
2.99360633,41.38912094387866,-8.178348519809422,10,2020,False
12.47574682,41.16837892495206,-8.415527517083843,9,2020,False
0.73894002,41.314834000211206,-8.412210711841128,9,2020,False
1.56432614,41.13213927520658,-8.007954961201802,8,2020,False
0.12267461,41.142394444666415,-8.253111588829663,-1,2020,True
0.57183603,41.30942870444522,-8.40258330595643,9,2020,False
4.38275845,41.236249026394994,-8.242335562563058,-1,2020,True
4.49170506,41.33798612218018,-8.627769432933862,-1,2020,True
2.35265501,41.09539688839688,-8.359202513810793,-1,2020,True
2.23609331,41.33847731082197,-8.259451740747723,-1,2020,True
30.52131856,41.311470589704626,-8.490564319161304,9,2020,False
2.13806982,41.25988527692635,-8.378686265573597,9,2020,False
2.10284222,41.30430272162479,-8.444499252541238,9,2020,False
0.6200885,41.256470931116816,-8.371861640904626,9,2020,False
0.18337861,41.30268259856922,-8.482425679216341,9,2020,False
2.18081896,41.172378942418874,-8.454257349871916,9,2020,False
2.25539302,41.171650429264126,-8.003837379390687,8,2020,False
1.54409854,41.17646129479957,-8.427171485103578,9,2020,False
173.89125816,41.211839214915216,-7.899997982193512,8,2020,False
0.73792833,41.297100193135854,-8.520879414211636,9,2020,False
6.46326413,41.13887344322355,-8.008369246641246,8,2020,False
1.62171142,41.10207978007931,-8.141693347580922,8,2020,False
10.29762069,41.10315143455966,-8.138884173863337,8,2020,False
6.76974805,41.24240586679814,-8.341106501658574,9,2020,False
0.5480459,41.105063903110135,-8.138957396961553,8,2020,False
3.01626042,41.29623458269276,-8.423931311153181,9,2020,False
1.37781695,41.30857441745738,-8.447525403246425,9,2020,False
0.81066218,41.25669068651459,-8.36789016127006,9,2020,False
5.27061697,41.30647236699946,-8.55756499647408,9,2020,False
0.01547994,41.2952516126911,-8.58981376857227,-1,2020,True
0.7680104,41.31900588023489,-8.445620136557592,9,2020,False
1.96574038,41.31456823338461,-8.45278537413438,9,2020,False
8.08124124,41.175654508168556,-7.948195319515438,8,2020,False
0.13884264,41.345918313385035,-8.438707131378907,9,2020,False
6.3263599,41.14160778513406,-7.936842336761509,8,2020,False
7.7919937,41.18731688420995,-8.07800591383023,-1,2020,True
4.7489627,41.36395940546852,-8.1558692225877,10,2020,False
5.89236219,41.276884721169786,-8.1356702163931,-1,2020,True
3.21783382,41.30987788490541,-8.438780685717862,9,2020,False
2.28405579,41.093969903240136,-8.17298977320843,8,2020,False
11.05281447,41.324279328987984,-8.484149682353362,9,2020,False
2.00211082,41.261425684897446,-8.20532456321817,10,2020,False
19.1491618,41.25988443134146,-7.994607099888044,-1,2020,True
3.98567604,41.092598040087445,-8.172175220224172,8,2020,False
0.57198623,41.29009644469623,-8.587693637107648,-1,2020,True
1.07082841,41.2751519858625,-8.137651084883338,-1,2020,True
0.09042019,41.29885481599877,-8.43828193006724,9,2020,False
0.94522962,41.32923549008409,-8.48047619088351,9,2020,False
13.13643109,41.279366488616795,-8.43926670096663,9,2020,False
16.51587048,41.16206476054363,-8.085264315165668,8,2020,False
1.44311653,41.31229623414684,-8.52640084141032,9,2020,False
4.4548759,41.100433294887694,-8.05184354257472,8,2020,False
8.84263143,41.29655452543678,-8.44128459370761,9,2020,False
1.03271111,41.1785339503123,-7.947558666504279,8,2020,False
4.67793374,41.3000049348034,-8.62119931171247,-1,2020,True
16.44940601,41.20713805799809,-8.41491162416176,9,2020,False
12.95151431,41.21281051295551,-8.40341253271029,9,2020,False
13.72456245,41.24885289871328,-8.33273542572901,9,2020,False
3.97215908,41.297678325868574,-8.423227501110237,9,2020,False
16.1466552,41.18361364428724,-7.8930482454736195,8,2020,False
0.93204029,41.17820971099142,-8.289137801153544,-1,2020,True
4.9821601,41.05062935915706,-8.532055760139839,-1,2020,True
2.10142732,41.1794136573025,-7.895580505266382,8,2020,False
2.09809252,41.25844446384365,-8.15659273556047,-1,2020,True
0.77821791,41.049775149588164,-8.532643483373654,-1,2020,True
3.44062552,41.27552739038732,-8.496302676901752,9,2020,False
0.52969111,41.34144233505854,-8.271329348352943,-1,2020,True
0.06497852,41.327521984241145,-8.24719853402403,10,2020,False
1.33667735,41.23687964723088,-8.549447942908461,9,2020,False
3.09287066,41.25615702786761,-7.9176084331422,-1,2020,True
1.46247851,41.32193530167703,-8.254580073426094,10,2020,False
0.96717564,41.26815605811175,-8.496418457642788,9,2020,False
5.58031782,41.33249842561661,-8.364278688224065,-1,2020,True
9.34360075,41.15831409068606,-7.921814349352151,8,2020,False
0.27148541,41.40917002777542,-8.723013675135128,-1,2020,True
3.07765825,41.31798603412306,-8.29123424024836,-1,2020,True
0.26655508,41.182990521525575,-8.169936516456604,8,2020,False
0.51568575,41.320918755529036,-8.630273366557578,-1,2020,True
0.61436954,41.18293777170672,-8.267225972438467,-1,2020,True
2.65070322,41.21657449613713,-8.477277782219849,9,2020,False
1.06640263,41.15698770348928,-8.307928494085449,-1,2020,True
15.91527315,41.3927153727057,-8.214038305662076,10,2020,False
5.35459861,41.3057359411802,-8.553173542323027,9,2020,False
2.31421475,41.32938413493273,-8.245476490255582,10,2020,False
0.1740541,41.15691904653777,-8.308698627701263,-1,2020,True
0.60079135,41.35744841000978,-8.25445772704174,10,2020,False
0.37199395,41.09395515562777,-8.51991104155726,-1,2020,True
0.18651113,41.36083043580462,-8.263989819182598,10,2020,False
2.36885937,41.145866525366436,-7.904872809415696,8,2020,False
0.21196868,41.39250098057645,-8.184812237297502,10,2020,False
0.0300506,42.05871671798501,-8.228011288263925,-1,2020,True
0.08008884,41.74082588637227,-8.855312727203172,-1,2020,True
33.67162273,42.05417210083064,-8.222384589575231,-1,2020,True
1.33392672,42.05541015827977,-8.27489808592297,-1,2020,True
10.01478377,41.903816906282536,-8.475083629557046,16,2020,False
7.50890171,42.00177061322077,-8.584419232041258,15,2020,False
1.26897605,42.021065944466585,-8.313575266620678,11,2020,False
9.81053641,41.7916359442329,-8.715408473281617,-1,2020,True
0.15024768,42.00210732884356,-8.363494881803653,-1,2020,True
0.01999061,41.65612337042113,-8.695956557093991,-1,2020,True
0.25038963,41.63347737101285,-8.776434851227815,12,2020,False
0.87517091,41.91722889448358,-8.254048592864054,-1,2020,True
0.03000388,42.03920003643416,-8.36989003767119,11,2020,False
0.40058788,42.070611454021076,-8.303310676845268,-1,2020,True
2.54544576,41.855199537297366,-8.248709014165303,-1,2020,True
1.00016244,41.8575202604655,-8.405257139656943,16,2020,False
0.00200936,41.640332379446235,-8.819404512579947,12,2020,False
0.00501586,42.04029419145057,-8.2625397875775,-1,2020,True
0.04506654,41.99328523986893,-8.497081019870821,-1,2020,True
0.14258882,41.676687276549764,-8.63359750098838,-1,2020,True
0.15035127,41.79182134803478,-8.719513525123178,-1,2020,True
0.00500338,41.64925360987416,-8.736481424431927,12,2020,False
0.0020042,41.649518325858566,-8.735279160500166,12,2020,False
0.03579343,41.707061199337964,-8.580113735782223,-1,2020,True
0.00542114,41.683685770898265,-8.772577244502195,12,2020,False
0.15676507,41.77571291828856,-8.640380906863612,-1,2020,True
0.19789525,41.85799444122074,-8.405575774367854,16,2020,False
0.25039816,41.78702905832276,-8.720783987356812,-1,2020,True
0.00501608,41.719437662594274,-8.764842836248341,-1,2020,True
0.01156583,41.71711660986555,-8.63883437556137,-1,2020,True
0.02326042,41.81473998579853,-8.48285798478205,-1,2020,True
0.05167842,41.85787726931798,-8.404441225634159,16,2020,False
0.12331554,41.65523132848629,-8.549789879608413,-1,2020,True
0.00225574,41.76485730326166,-8.594753009014665,-1,2020,True
0.12401488,41.81459441078415,-8.483173717686332,-1,2020,True
0.01546652,41.85779695576266,-8.405966540979195,16,2020,False
0.05008688,41.826823899459846,-8.759939190011924,-1,2020,True
0.00205116,41.64951539950502,-8.735341663333944,12,2020,False
0.60466275,41.72632541179486,-8.72209229272269,-1,2020,True
0.05003796,41.99783515722513,-8.477380185678992,-1,2020,True
0.00546375,41.80382228671616,-8.844600129185796,-1,2020,True
0.01475761,41.899811181352014,-8.809993039322759,-1,2020,True
0.05006293,41.943707447901964,-8.682926106762839,-1,2020,True
0.05005429,41.89973520524062,-8.810045295197767,-1,2020,True
1.58923182,41.90846582906804,-8.424816555599408,16,2020,False
1.45300339,41.62229190290729,-8.783110389290469,12,2020,False
0.10122412,41.75713959078076,-8.703883566709095,-1,2020,True
0.10092819,41.76909672514083,-8.655681762954563,-1,2020,True
0.00506886,41.735601766363786,-8.548563842551811,17,2020,False
0.92077544,41.87655820272106,-8.442875264824727,16,2020,False
0.01539633,41.882246427229276,-8.394526087817123,16,2020,False
0.07014111,41.62293425956042,-8.783758849039579,12,2020,False
1.18969169,41.80362948608286,-8.396425538506483,17,2020,False
0.03574159,41.68767383881143,-8.783948456315741,12,2020,False
0.05500728,42.034706896637665,-8.501168168851413,-1,2020,True
0.06008044,41.83960731797431,-8.853060796669515,-1,2020,True
0.13708178,41.77685106186433,-8.643056434084528,-1,2020,True
0.29072427,41.74488788044407,-8.674983138455683,-1,2020,True
0.05061051,41.774948584408655,-8.844131580123737,-1,2020,True
0.16087801,41.697873961691904,-8.788631393235676,12,2020,False
0.01180846,41.80312537854787,-8.3963671529119,17,2020,False
0.07064539,41.74463427140997,-8.674750283420607,-1,2020,True
0.02007062,41.79682821809358,-8.814835946482898,-1,2020,True
0.0117645,41.80395271945395,-8.397239533721162,17,2020,False
0.3907929,41.67188491515352,-8.817734201303681,12,2020,False
0.01620321,41.80323627855307,-8.396780936102076,17,2020,False
0.30076376,41.744415155465006,-8.67460584100295,-1,2020,True
0.26744198,42.06193261575055,-8.354743208853636,11,2020,False
0.0400314,42.00725231393257,-8.647660717220202,15,2020,False
0.04528959,41.69911676979712,-8.569172083144736,-1,2020,True
0.00122752,41.80254060771389,-8.398378286893369,17,2020,False
0.0022152,41.808180040006526,-8.413356666669788,17,2020,False
0.05059239,41.73369091373974,-8.85497078257276,-1,2020,True
0.04387541,41.80388019521228,-8.395657807116402,17,2020,False
0.01999004,42.08089932258935,-8.347063021173877,-1,2020,True
0.1043094,41.80093401648866,-8.39954549096282,17,2020,False
0.01901584,41.800964764992415,-8.40001692553091,17,2020,False
0.71635909,41.83531933415447,-8.442768574857277,-1,2020,True
0.00493204,41.86122047808413,-8.831538380149036,-1,2020,True
1.29836546,42.049513559313404,-8.394119630626765,11,2020,False
0.50091622,41.93428549639195,-8.695198045734589,-1,2020,True
1.80171247,41.96736378785069,-8.565333115509107,15,2020,False
0.01218826,41.78250337337201,-8.377626666658799,17,2020,False
0.02005509,41.99139426193433,-8.634560460985874,15,2020,False
0.08009967,42.07238100632315,-8.465712339998621,-1,2020,True
0.02503826,42.072238516606944,-8.46606655266956,-1,2020,True
0.10092765,41.71940884558445,-8.660932935244825,-1,2020,True
0.10075476,41.70129415638828,-8.652371644938015,-1,2020,True
0.02097007,41.79286905649856,-8.389475071415632,17,2020,False
0.00609241,41.80126004002051,-8.398723333338564,17,2020,False
0.15030596,41.99080276138002,-8.6327886024179,15,2020,False
0.00248956,41.872140040006165,-8.195459999996883,-1,2020,True
0.02423927,41.779443373398905,-8.44135333340601,17,2020,False
0.05008441,41.981535939771184,-8.59664990219449,15,2020,False
0.01282829,41.77559807175353,-8.640433813471802,-1,2020,True
0.10381307,41.68542878887626,-8.62193730084937,-1,2020,True
0.02536238,41.85217767174482,-8.553595829367277,-1,2020,True
2.48156443,41.642914434162705,-8.557694257556891,-1,2020,True
1.94700892,41.83279182525676,-8.435673819694289,-1,2020,True
0.05252927,41.65815481008799,-8.77648541400775,12,2020,False
4.14998331,41.86806534308294,-8.365025962632421,-1,2020,True
143.41533734,41.7180394002146,-8.526965966475249,17,2020,False
0.00234204,41.66019141372081,-8.553488163224765,-1,2020,True
0.26851364,41.657906239924806,-8.7761962690432,12,2020,False
0.77518036,41.80358143853317,-8.396901608933764,17,2020,False
0.02087245,41.65797351664252,-8.776824172401891,12,2020,False
0.03960697,41.69912455942417,-8.568996950606055,-1,2020,True
0.00501346,41.95418890806475,-8.674544032234152,-1,2020,True
0.10115102,41.91274151415315,-8.419967041718644,16,2020,False
158.03036203,41.666398404028506,-8.63813138108853,-1,2020,True
0.10018121,41.99712287353177,-8.63121114288699,15,2020,False
0.50086562,41.97637098359764,-8.450823744533213,16,2020,False
0.19715895,41.75970378849236,-8.417875995139767,17,2020,False
0.84890542,41.91529929942302,-8.428851429133724,16,2020,False
6.28190171,41.64419098552318,-8.586544420531885,-1,2020,True
0.02231023,41.9108723401791,-8.426446019241622,16,2020,False
0.15477127,41.71195838316257,-8.535105561807892,17,2020,False
0.00507738,41.799303136349174,-8.405256114608617,17,2020,False
0.35034688,41.65823538323926,-8.776743678919122,12,2020,False
0.19968219,41.67652387901413,-8.70300571529841,-1,2020,True
3.84797751,41.684643470975885,-8.553581635578091,17,2020,False
0.02665341,41.657868374328416,-8.777153977174992,12,2020,False
0.79813388,41.658764004265194,-8.776510761468202,12,2020,False
0.49645558,42.05953274024178,-8.207875451942762,-1,2020,True
1.03907054,41.7980808495443,-8.326294865517298,17,2020,False
0.00200603,41.776061794823605,-8.640693774712233,-1,2020,True
0.09981976,41.676838763172114,-8.703062076075918,12,2020,False
0.02346008,41.90816206730291,-8.424419007411053,16,2020,False
0.01810065,41.77196004007177,-8.388246666664818,17,2020,False
0.09354799,41.768998540982,-8.343443930864087,17,2020,False
0.02640338,41.777764079545726,-8.64850336228089,-1,2020,True
0.24037268,41.98164517667689,-8.660686312243719,15,2020,False
0.03298545,41.92641566486832,-8.376011657175905,-1,2020,True
0.7188198,42.03496366190548,-8.541833264482067,-1,2020,True
20.81499605,41.77219385960457,-8.360401143947849,17,2020,False
0.69606998,41.71381748575996,-8.54561801035437,17,2020,False
0.20030198,42.03720572263836,-8.573989310514001,-1,2020,True
0.6797635,41.764040721152284,-8.526514602268389,17,2020,False
3.29888744,41.74458273477294,-8.543167416616194,17,2020,False
0.20432268,41.69197339764729,-8.55670712834886,17,2020,False
1.99813286,41.76675115340677,-8.48361412898845,17,2020,False
1.00690345,41.942103226851096,-8.452498139840124,16,2020,False
0.00927961,41.76568130812288,-8.483439731463344,17,2020,False
3.99947368,41.8189415112439,-8.516672790108442,-1,2020,True
55.78035703,41.73872694202131,-8.534536671919621,17,2020,False
6.34221198,41.75738403747793,-8.445932036168232,17,2020,False
83.59395282,41.81734800252504,-8.522432911656209,-1,2020,True
0.75025946,41.64424468856521,-8.587679353117112,-1,2020,True
4.05878102,41.771477918517704,-8.483943274479365,17,2020,False
0.10346085,41.931143598301006,-8.454633208270335,16,2020,False
5.38442309,41.92804680477451,-8.460300044842146,16,2020,False
0.80293668,41.911327118638866,-8.478915149796448,16,2020,False
0.01183338,41.92962756549583,-8.458872772283845,16,2020,False
1.22519977,41.930253136766446,-8.46032106900212,16,2020,False
0.07058422,41.820838102363,-8.522375651599793,-1,2020,True
396.73748911,41.69934788040195,-8.596598206046158,17,2020,False
0.0100563,42.07434336395087,-8.46523629054739,-1,2020,True
0.63496907,42.062336633552874,-8.518968338499892,-1,2020,True
2.69656352,41.7653862199996,-8.523851005834896,17,2020,False
1.74408946,41.928532825514154,-8.461439736456063,16,2020,False
0.83487161,41.81506477442257,-8.51664255025205,-1,2020,True
1.50044828,41.94827629209321,-8.457515460144865,16,2020,False
0.00500502,41.95803178557406,-8.579253359194514,-1,2020,True
0.00494014,41.68996725177862,-8.663427820340479,-1,2020,True
3.42825349,41.7622964946651,-8.524637722565918,17,2020,False
0.00532474,41.945363336175376,-8.416374211499601,16,2020,False
0.253925,41.81673455864082,-8.831981204870951,-1,2020,True
0.01607193,41.89555359014792,-8.550980926069627,-1,2020,True
0.8009025,41.76061460664562,-8.44437999918444,17,2020,False
1.30422831,41.76377523925022,-8.525529476543065,17,2020,False
0.00601477,41.95281302354561,-8.575913339241119,-1,2020,True
0.04675419,41.67216073410986,-8.629644665315105,-1,2020,True
0.47475454,41.92523158128224,-8.46798257430207,16,2020,False
8.8709928,41.68252468468599,-8.553180164854343,17,2020,False
0.79666831,41.746957924843805,-8.589737855378365,-1,2020,True
0.04248747,41.83563623330096,-8.512618423766172,-1,2020,True
0.00199832,42.031695282917894,-8.639216215557518,-1,2020,True
0.01447094,41.72439712952213,-8.569849702613334,17,2020,False
0.05008512,42.03235534344282,-8.50909328121826,-1,2020,True
0.9936068,41.89513672811715,-8.41495323349479,16,2020,False
0.01007066,41.942364217930326,-8.401786554689826,16,2020,False
0.329187,41.89464300220292,-8.452897392789751,16,2020,False
0.10734576,41.77919004021841,-8.454156666742472,17,2020,False
1.18579171,41.77827231848548,-8.453219113215507,17,2020,False
0.00510403,41.83258655838968,-8.356522930099034,-1,2020,True
0.00845503,41.92544287345986,-8.46775256653419,16,2020,False
0.0533391,41.77769685174445,-8.452645346786412,17,2020,False
0.01504127,41.90929146314042,-8.671473281165333,-1,2020,True
0.04082741,41.93094174418831,-8.413581203237745,16,2020,False
0.02926812,41.657221436691785,-8.776449255404847,12,2020,False
0.02004859,42.03143725574592,-8.46481993361358,-1,2020,True
0.07984727,41.93003912280938,-8.459514775426175,16,2020,False
0.00400617,42.014818889045486,-8.37897796889495,11,2020,False
0.00551575,41.85438739834609,-8.441111211367403,-1,2020,True
0.06026796,41.772002031675086,-8.488446344239733,17,2020,False
0.00511785,41.85366651298853,-8.440426326806495,-1,2020,True
0.00523052,41.853976601814644,-8.44054882773262,-1,2020,True
0.04009022,42.053301387904206,-8.398869590091556,11,2020,False
0.0179873,41.98106100528473,-8.688962816131838,15,2020,False
1.00159243,42.04387182398924,-8.35600665942704,11,2020,False
0.00300072,42.01101806462198,-8.382238651843178,11,2020,False
1.16126254,41.77968190948486,-8.373403154560071,17,2020,False
0.00600792,41.86010217205424,-8.385656713968912,-1,2020,True
0.34218198,41.780388850101126,-8.37349045225976,17,2020,False
0.01501154,41.89535950111211,-8.661946978737575,-1,2020,True
0.08818392,41.78069027884545,-8.373416845008165,17,2020,False
0.056915,41.9264460530102,-8.458485905995389,16,2020,False
54.4507595,41.756251375203476,-8.403112725872237,17,2020,False
0.58087829,41.67485244857996,-8.818918101536532,12,2020,False
0.16069817,41.81405702961277,-8.514875475098664,-1,2020,True
0.10013728,41.97732392596186,-8.600912414350493,15,2020,False
0.05011598,42.03978176621333,-8.36934794310358,11,2020,False
1.01322208,41.76384969946151,-8.391920239015963,17,2020,False
0.00100502,42.01656737477945,-8.368822121269359,11,2020,False
0.02298662,41.969711410738846,-8.688751464622998,-1,2020,True
0.10342866,41.75999169220479,-8.407416308630975,17,2020,False
0.00028679,41.75609812000129,-8.59024589333062,-1,2020,True
3.14155207,41.776077305126,-8.45679575330412,17,2020,False
0.14025181,42.045235317491425,-8.4293961094656,11,2020,False
53.07517682,41.761717931932026,-8.391370819114906,17,2020,False
0.0350208,41.96756982174382,-8.664672936935865,15,2020,False
0.20031041,41.99769293551523,-8.63161138224698,15,2020,False
0.05239278,41.667227904120885,-8.560647933144374,-1,2020,True
0.20454272,41.662691721174625,-8.595886290236555,-1,2020,True
14.24496701,42.04251377206561,-8.15198030867909,-1,2020,True
0.01073649,41.91302196616592,-8.43918046812725,16,2020,False
0.0146722,41.66280177016777,-8.595651849189611,-1,2020,True
0.15195556,41.85458254459533,-8.442018746875046,-1,2020,True
0.04338268,41.928166235404355,-8.459050836197857,16,2020,False
0.15186533,41.76426042944708,-8.394894551176453,17,2020,False
0.22044228,41.78094725159263,-8.642825055636363,-1,2020,True
0.50229258,41.77236722894968,-8.488000701346204,17,2020,False
0.15026092,41.93999855446138,-8.656399942820503,-1,2020,True
0.13774528,41.83091442738565,-8.607508559290089,-1,2020,True
0.08071798,41.911510467475686,-8.453715017349083,16,2020,False
2.00315395,41.70918920705342,-8.66755374451726,-1,2020,True
0.73444375,41.93925892293812,-8.415339839782778,16,2020,False
160.87081028,41.86041921050194,-8.170472248781365,-1,2020,True
0.08586824,41.7606743312914,-8.396378542719633,17,2020,False
0.03883449,41.804737524305395,-8.579238146500659,-1,2020,True
0.30037148,41.657455099991125,-8.774921376418632,12,2020,False
0.05008836,41.91361637880793,-8.726201005325423,-1,2020,True
0.04070864,41.913245117975414,-8.43929219978315,16,2020,False
0.00601399,41.69051572911454,-8.752641659414648,12,2020,False
0.01023042,41.91160532953146,-8.453951381584247,16,2020,False
0.01466769,41.77783627216846,-8.455580766435995,17,2020,False
0.00873738,41.74753471283782,-8.560848581070685,17,2020,False
0.00016519,41.74766036666723,-8.57799232666654,-1,2020,True
0.03076678,41.92652234693247,-8.468763969575235,16,2020,False
31.34865889,41.790637953335356,-8.353136938986314,17,2020,False
0.01745419,41.85655302702973,-8.552175013736154,-1,2020,True
0.01282245,41.772149463360456,-8.488493074221804,17,2020,False
0.00013609,41.86786126666706,-8.350592550000085,-1,2020,True
0.01434379,41.73895057156051,-8.575829924941468,-1,2020,True
0.08010601,42.022102115650036,-8.515482834018435,-1,2020,True
0.06013257,42.033734599391224,-8.359436721461442,11,2020,False
0.04483467,41.91166284343905,-8.453669232256619,16,2020,False
0.02029507,41.77198263737074,-8.488269331619751,17,2020,False
47.30109056,41.985264332712944,-8.56848092146223,15,2020,False
0.06005217,41.65813824076809,-8.7757827368503,12,2020,False
0.10015877,42.03553168646759,-8.339878371696436,11,2020,False
0.05011791,41.9720358821447,-8.184914834578908,-1,2020,True
0.48338038,41.80046516126191,-8.474874744672398,17,2020,False
0.57238603,41.80080099672251,-8.47477619668325,17,2020,False
15.23843605,42.01198950255737,-8.589592124709208,15,2020,False
11.39649224,41.76035389523343,-8.470563704049258,17,2020,False
1.89960522,41.983690698112966,-8.56426167386175,15,2020,False
0.08014576,42.08889984431465,-8.323525832093244,-1,2020,True
0.02093142,41.77147523018521,-8.488681744873155,17,2020,False
0.00077966,41.77612595984151,-8.579128979581213,-1,2020,True
24.32426319,42.03859513604888,-8.171702663242298,-1,2020,True
0.4911408,41.723113665971525,-8.611336731889917,-1,2020,True
0.07014876,42.08586936224102,-8.351002452230716,-1,2020,True
12.34679712,41.85670496894653,-8.342143217543027,-1,2020,True
8.27104258,41.78038593541686,-8.437012245539787,17,2020,False
2.38021104,41.93062769855415,-8.397268208683748,16,2020,False
1.43777671,41.97008736233875,-8.478594600403566,16,2020,False
3.90503791,41.9699299705409,-8.33682733687523,-1,2020,True
0.250757,41.67039214322603,-8.795737761477591,12,2020,False
0.02173526,41.9497772998702,-8.45786174434102,16,2020,False
0.1055145,41.78738445663242,-8.351332718962226,17,2020,False
12.8222702,41.767772832574224,-8.395402510508738,17,2020,False
3.03205027,41.76158916103032,-8.444269172602178,17,2020,False
0.25040311,41.99538213987127,-8.656100822213093,15,2020,False
7.01112112,41.86517014473339,-8.35561381058038,-1,2020,True
31.27518927,41.945618726253606,-8.448589068401244,16,2020,False
1.09686845,41.94716218378246,-8.457587300592701,16,2020,False
0.40017955,41.71673159975636,-8.584112577246108,17,2020,False
3.95809893,41.79967109775524,-8.330525377852533,17,2020,False
19.85584791,41.79033643666698,-8.388743789654185,17,2020,False
2.08821146,41.81598090495036,-8.753184542224657,-1,2020,True
25.58000079,41.852377247339945,-8.379110200282938,-1,2020,True
18.9517968,41.989149603031414,-8.581102410095927,15,2020,False
6.24239918,42.04665353821921,-8.173455489655963,-1,2020,True
0.44630138,41.99189879210439,-8.67379210170804,15,2020,False
10.13721944,41.80618961616077,-8.325269750827232,-1,2020,True
0.88777508,42.050410566425974,-8.581791613917272,-1,2020,True
458.0018443,41.83007708777499,-8.7478539957057,-1,2020,True
0.31859941,41.946410888124134,-8.45685327845833,16,2020,False
3.14346165,41.66187476569788,-8.776399749728785,12,2020,False
37.52889159,41.767750766043356,-8.376389858875541,17,2020,False
0.74747839,41.962713741551525,-8.672140128765196,15,2020,False
42.37595547,41.99034534233149,-8.573584154667728,15,2020,False
7.78307731,41.83118974209801,-8.435744672443597,17,2020,False
147.21437902,41.97152335936621,-8.460440754246601,16,2020,False
3.39446017,41.760398903000564,-8.525566869110524,17,2020,False
1.72913524,41.86960552257571,-8.526370860418135,-1,2020,True
8.89054073,41.768066471914246,-8.38262149602899,17,2020,False
3.40602468,42.054065150179746,-8.275725333076661,-1,2020,True
0.49420537,42.13438148655448,-8.252167097636978,-1,2020,True
0.15022445,41.99215870864298,-8.673495335812692,15,2020,False
1.2885255,41.7858681525258,-8.715889162078804,-1,2020,True
1.50236805,41.99528114648472,-8.607066139698878,15,2020,False
98.1836169,42.067873222729666,-8.301709411814782,-1,2020,True
14.20934762,41.986213249410184,-8.575435671660868,15,2020,False
1.57066442,41.981497988327355,-8.449807139289259,16,2020,False
2.57955523,41.95837786238714,-8.565747204528043,-1,2020,True
45.44964418,42.113375749885805,-8.213048574551257,-1,2020,True
11.32776938,41.771299122838215,-8.543639506454467,-1,2020,True
113.06434011,41.95611922974062,-8.456850802484885,16,2020,False
9.58457309,41.79978199191002,-8.33144126964224,17,2020,False
34.82617851,41.69055931100134,-8.656874431783772,-1,2020,True
0.03220638,41.75284499429356,-8.518516186369169,17,2020,False
4.16447376,41.82100565100659,-8.516342966349308,-1,2020,True
453.05792802,42.00010115343524,-8.528531229347424,15,2020,False
0.15443001,41.74715140555101,-8.645965819121258,-1,2020,True
0.7048839,41.76911722360307,-8.785414605077749,-1,2020,True
1.76774109,41.93390688594365,-8.459071700765646,16,2020,False
6.8572261,41.993183623339895,-8.671208492083744,15,2020,False
11.3775341,41.8184342233561,-8.346156472003695,-1,2020,True
0.45561089,42.017758223538564,-8.379494420746168,11,2020,False
60.86784484,41.92432108594373,-8.48502634920482,16,2020,False
32.77025813,41.819319832847256,-8.33900010045833,-1,2020,True
0.19092858,41.818627982677555,-8.76022675751708,-1,2020,True
0.04648446,41.94419273873709,-8.443551143563658,16,2020,False
5.17298446,41.774569362811896,-8.330913843098063,17,2020,False
5.83477148,42.04585592043546,-8.362365576002775,11,2020,False
29.01955094,41.95101046156275,-8.430041732087037,16,2020,False
12.36821485,41.94383428567137,-8.547753997614308,-1,2020,True
2.9767586,41.894008537723494,-8.491524991277057,-1,2020,True
15.38452633,41.94772558456376,-8.434056486165234,16,2020,False
71.43651873,41.78449032519919,-8.309656522330675,-1,2020,True
0.02005661,41.65890410792869,-8.776315973064651,12,2020,False
1.23631984,41.88662167958504,-8.468576651860515,16,2020,False
11.59048858,41.95755700243912,-8.43606162759818,16,2020,False
3.7615995,41.901806074788375,-8.400969758868987,16,2020,False
2.84424264,41.84685327939798,-8.248515844426564,-1,2020,True
7.37387444,41.94762243488405,-8.404027670456662,16,2020,False
1.82141686,41.89140045260199,-8.217007616004858,-1,2020,True
3.65581257,41.94423058666429,-8.4415775456212,16,2020,False
18.49778013,41.96376239078428,-8.565857809739043,15,2020,False
3.65774639,41.90988356868408,-8.387635397919,16,2020,False
0.01001058,42.038545410122765,-8.370851075866785,11,2020,False
0.15006165,41.54444454230395,-7.909222348560952,-1,2020,True
2.49538889,41.72050155397642,-8.474433380065967,-1,2020,True
3.98532155,41.60247564275036,-8.529613806843999,-1,2020,True
0.01061738,41.661884048466426,-8.166619758306949,-1,2020,True
39.18123969,41.51925087541825,-7.911319948198517,-1,2020,True
2.23636219,41.56408303148441,-8.302324129038643,-1,2020,True
3.55907196,41.76023044129031,-8.347573940060679,17,2020,False
0.08540326,41.56074492284016,-8.107595209475848,13,2020,False
2.00696027,41.566080815679015,-8.335865538771586,-1,2020,True
45.60979555,41.719455921434,-8.334450389557405,-1,2020,True
1.08470861,41.70376223182332,-8.441430677991798,-1,2020,True
0.8250936,41.596044393393235,-8.171974710142461,13,2020,False
0.0165279,41.74760337995432,-8.30494167420503,-1,2020,True
0.2284842,41.69099956065912,-8.207640689779492,-1,2020,True
0.06182041,41.706484884488916,-8.284335632849483,-1,2020,True
1.18612534,41.37278580941243,-8.072555004175358,-1,2020,True
12.01401426,41.70918476776588,-8.3788202574159,-1,2020,True
177.07603201,41.52275040944324,-8.056707953727953,-1,2020,True
37.47279913,41.567806283524774,-7.828884103125235,-1,2020,True
6.44834386,41.481254892310986,-8.065257266845837,14,2020,False
2.88372073,41.36714399575397,-8.062340635042805,-1,2020,True
15.40729942,41.54855033074308,-8.303079086058926,-1,2020,True
1.06537839,41.54622119344989,-8.172686596366171,13,2020,False
0.60206904,41.56406900705525,-8.135444645349656,13,2020,False
2.50485681,41.635908630430215,-8.121764876389898,-1,2020,True
9.40255203,41.41825784999797,-8.011203635355548,14,2020,False
3.43771683,41.71968336287028,-8.40861261574389,17,2020,False
356.78192325,41.412120565298366,-8.07683882010427,14,2020,False
3.79648791,41.56051054784358,-7.84142486791097,-1,2020,True
21.72723747,41.74402184778991,-8.410024317906046,17,2020,False
57.23998805,41.54188745089812,-8.05212322676217,-1,2020,True
3.30442757,41.428175248271,-8.134312130047045,10,2020,False
15.09316409,41.71952400094541,-8.423837509579656,-1,2020,True
60.86764962,41.45519873380574,-8.073191365263437,14,2020,False
4.06549239,41.743084771441104,-8.351502154441608,17,2020,False
15.4763177,41.74359871638508,-8.238958294011049,-1,2020,True
27.95255379,41.47118248253337,-8.069666290298308,14,2020,False
3.50797078,41.46070108898753,-8.034938492191758,14,2020,False
548.98225594,41.53993943047985,-8.068034071620955,13,2020,False
6.17417483,41.76539680726778,-8.37850734301981,17,2020,False
40.32992407,41.584782546011304,-7.961852864005333,-1,2020,True
185.28165243,41.65481302367332,-8.46817226995816,-1,2020,True
7.21213053,41.73019647125566,-8.350426666159425,17,2020,False
72.47894144,41.70552033121847,-8.37980719378871,-1,2020,True
26.81698599,41.69078646961806,-8.39676595430035,-1,2020,True
6.3021629,41.49488126422616,-8.015449908295182,-1,2020,True
6.6548513,41.399035803592234,-8.58121155346286,-1,2020,True
12.32115147,41.7445420318975,-8.41517540504243,17,2020,False
86.32413286,41.729434964170665,-8.399713498454167,17,2020,False
27.98699546,41.517291675506925,-8.172465985575458,-1,2020,True
162.10632637,41.764893702051225,-8.331065570900895,17,2020,False
16.01421494,41.39003853349479,-8.056453213154116,-1,2020,True
14.25550039,41.6004302673981,-8.059430662977697,-1,2020,True
39.3810001,41.60627450270922,-8.046208943047475,-1,2020,True
12.1048549,41.580652562527604,-8.196254871582015,13,2020,False
2.02601171,41.56535717241167,-8.111978244289665,13,2020,False
6.99643208,41.4404253463622,-8.439156030390205,-1,2020,True
7.19679896,41.742335872905734,-8.349884768736594,17,2020,False
0.00321361,41.66613843802822,-8.030492680138584,-1,2020,True
0.01939988,41.565073159767266,-8.11192706474717,13,2020,False
0.4874953,41.565136644274624,-8.112348804641648,13,2020,False
0.60426298,41.675511506535905,-8.296892448269004,-1,2020,True
45.6531214,41.56359709342573,-8.096121492920451,13,2020,False
0.39546744,41.63520905189648,-8.120737775149763,-1,2020,True
13.11149082,41.51351887474781,-8.228240441171017,-1,2020,True
36.84724373,41.7104794662553,-8.39015420524958,17,2020,False
22.97312204,41.75791924211496,-8.386300932547611,17,2020,False
2.12554826,41.54013530824649,-8.294169389432641,-1,2020,True
7.60286466,41.64737568945254,-8.266848965763188,-1,2020,True
1.15900317,41.554184383744015,-8.551890469028793,-1,2020,True
2.43091684,41.56196232908827,-8.254904654344207,-1,2020,True
1.7114918,41.583527894933454,-8.159936058588995,13,2020,False
10.93521643,41.50984204808064,-8.086750224437717,-1,2020,True
19.3636673,41.734746043314274,-8.340204484973883,17,2020,False
5.8129089,41.553404907352544,-8.549316172668458,-1,2020,True
0.20062926,41.5748070712261,-8.101789247846611,13,2020,False
0.24170139,41.65473729019817,-8.284268477505691,-1,2020,True
42.10129121,41.568837509304664,-8.090594861159174,13,2020,False
30.63893156,41.56378474192846,-8.061715954371117,13,2020,False
3.40839958,41.60898752021334,-8.186185113356949,13,2020,False
13.91717354,41.67527358606152,-8.237823833429252,-1,2020,True
0.03053503,41.72084789094523,-8.24377215033256,-1,2020,True
1.20364125,41.56084208150329,-8.244695227360275,-1,2020,True
4.26654988,41.430939730418054,-7.949353636362454,-1,2020,True
1.98844623,41.65776787106593,-8.459086942307309,-1,2020,True
2.90955423,41.607350798919015,-8.071235604625734,-1,2020,True
1.87541567,41.56226156261708,-8.170039942056627,13,2020,False
0.015281,41.582196261437154,-8.134229929104398,13,2020,False
0.04523044,41.66759794107473,-8.18127272551712,-1,2020,True
0.169723,41.65655129392932,-8.21668327243956,-1,2020,True
0.00186154,41.64241332186943,-8.38103045412529,-1,2020,True
1.04716729,41.6088309972212,-8.40128112628619,-1,2020,True
4.12100296,41.66114754004848,-8.432562888351443,-1,2020,True
0.00251083,41.620801300639364,-8.404797397646904,-1,2020,True
0.30000761,41.56479186848887,-8.150208338814247,13,2020,False
1.58638613,41.42358976802474,-8.057850669645498,14,2020,False
0.98619103,41.65736951908183,-8.459178719489994,-1,2020,True
0.01667084,41.7514188207678,-8.200589753872771,-1,2020,True
2.30205637,41.711440695607806,-8.385367162957849,-1,2020,True
2.14312918,41.63191800096524,-8.322123364863911,-1,2020,True
2.59139091,41.494901885414144,-8.224470335108524,-1,2020,True
1.65746717,41.41480847882227,-8.024424461987346,14,2020,False
4.78969686,41.586543182100655,-8.178937550343852,13,2020,False
2.82497441,41.6988287671661,-8.511271216821905,-1,2020,True
1.20776497,41.732032521202704,-8.214108911693328,-1,2020,True
0.02114994,41.68678769838137,-8.202463848645245,-1,2020,True
2.53507465,41.49898536854575,-8.165398862995103,-1,2020,True
1.07915189,41.58286145283918,-8.120597508522607,13,2020,False
9.03904814,41.50368237231465,-8.130174930555608,-1,2020,True
4.58215369,41.44650330030985,-8.096545062459903,14,2020,False
50.77403768,41.56386565040712,-8.3313119961008,-1,2020,True
2.31386275,41.59237688267638,-8.184114628718348,13,2020,False
7.76748514,41.69787176701932,-8.51591039255884,-1,2020,True
2.46627808,41.454374868561,-8.108123037675337,-1,2020,True
1.48044118,41.747284591512894,-8.360874182677549,17,2020,False
95.04832392,41.61923604904914,-8.251621105155756,-1,2020,True
1.35685939,41.39966541276126,-8.578080646983903,-1,2020,True
0.10158826,41.6478565284991,-8.127410346164137,-1,2020,True
2.25498365,41.51497410933373,-8.028906739724015,-1,2020,True
6.91664836,41.455784835187394,-8.727611679490709,-1,2020,True
0.00234857,41.66265782568739,-8.161019850218944,-1,2020,True
17.67786976,41.5757279394275,-8.301050015987995,-1,2020,True
1.39886909,41.40384683391183,-8.051749901187051,14,2020,False
33.66611614,41.47281654605353,-8.00754128158578,-1,2020,True
1.00904515,41.67395021827009,-8.312477733273466,-1,2020,True
1.74803063,41.56435094395841,-7.880639905918738,-1,2020,True
13.72781379,41.56762507587466,-8.30558785010179,-1,2020,True
2.62404905,41.557146004524434,-8.207979534061167,-1,2020,True
11.98115525,41.639119258512494,-8.30538138574642,-1,2020,True
2.68090386,41.604363106535224,-8.186477624808536,13,2020,False
2.48957386,41.42811215252233,-8.39129327910206,-1,2020,True
2.05555077,41.705161044797954,-8.440129686925847,-1,2020,True
2.18699307,41.49831623050403,-8.166272013047635,-1,2020,True
0.19487279,41.65044031486973,-8.297552674854893,-1,2020,True
1.77031005,41.42527215000458,-8.049704641483096,14,2020,False
0.11481179,41.65110151237383,-8.35184171039328,-1,2020,True
1.22874414,41.66487963987843,-8.445594121688105,-1,2020,True
0.62945226,41.676525005451474,-8.193867168827518,-1,2020,True
7.59038654,41.40638200596657,-8.051610858256229,14,2020,False
1.16482896,41.53036708734976,-8.344745105124732,-1,2020,True
2.1704719,41.58476408240791,-8.180086647657122,13,2020,False
0.02155673,41.60498587222574,-8.186637533402026,13,2020,False
5.22457816,41.46179241486479,-8.040388601663684,14,2020,False
14.55986947,41.732267996933885,-8.3658931213781,17,2020,False
8.14193071,41.72850522978085,-8.363750480132019,17,2020,False
1.04807019,41.75298178723055,-8.404129302813404,17,2020,False
5.05375931,41.752681267373376,-8.37595917002213,17,2020,False
6.09497051,41.75520885249428,-8.385323090680485,17,2020,False
1.19166305,41.76171785500032,-8.3435739384603,17,2020,False
1.2388784,41.440612276919126,-8.469181126517515,-1,2020,True
9.23201883,41.58610155204272,-8.308630265738493,-1,2020,True
0.42408283,41.67758803087722,-8.301100828621651,-1,2020,True
27.52148093,41.44959477372714,-8.027929545649508,14,2020,False
0.40142442,41.557904211452176,-8.105219311088437,13,2020,False
0.02796101,41.627851438487895,-8.246512212004397,-1,2020,True
2.11311621,41.551890151816266,-8.314935604828367,-1,2020,True
1.99744589,41.75109451630395,-8.376986767717696,17,2020,False
0.85095326,41.68187788114801,-8.043133251518558,-1,2020,True
2.91808117,41.479364924090355,-8.495542555920212,-1,2020,True
1.08709592,41.47972246348631,-8.493857850863426,-1,2020,True
0.29631635,41.70430640850851,-8.2027409698938,-1,2020,True
5.49534612,41.75139542640552,-8.37435077493222,17,2020,False
32.6002674,41.57754417292308,-8.39681973173715,-1,2020,True
8.91422161,41.44347210216771,-8.06316395318027,14,2020,False
27.2263494,41.43792529328408,-8.053041425785027,14,2020,False
9.28703629,41.46898195633427,-8.242647211391471,-1,2020,True
3.11442256,41.46238150470333,-8.0354004415172,14,2020,False
5.56296043,41.418464219935906,-8.035395385950327,14,2020,False
0.29778748,41.52265853251345,-7.928633141221241,-1,2020,True
0.02543504,41.69902516080251,-8.342435418031819,-1,2020,True
0.50181911,41.626466814015004,-8.123183057856846,-1,2020,True
10.63732746,41.638041917484486,-8.301423993535533,-1,2020,True
1.65931632,41.45204182977555,-8.008974316328445,14,2020,False
0.05116389,41.669024082714905,-8.17080215440124,-1,2020,True
1.97246905,41.41972727213452,-8.061512014179117,14,2020,False
1.17733731,41.70341525509515,-8.203016826683223,-1,2020,True
20.58388498,41.50365673641552,-8.203755725668229,-1,2020,True
4.01354908,41.540147981791016,-8.031677414817695,-1,2020,True
0.26694397,41.70780049573247,-8.287750183217245,-1,2020,True
4.35003013,41.67730019729533,-8.138824801507054,-1,2020,True
37.2838351,41.59458324958771,-8.179954108981734,13,2020,False
0.15009226,41.60786740084419,-8.18895709071449,13,2020,False
28.69171964,41.75736357958114,-8.39134844197132,17,2020,False
7.50381632,41.70581555689282,-8.287525257690984,-1,2020,True
0.06708125,41.70037260994736,-8.152036835454831,-1,2020,True
0.02088074,41.60145837695128,-8.157662692839889,13,2020,False
0.08069782,41.67249555973649,-8.236760045446049,-1,2020,True
1.90011848,41.42133418615393,-8.05866335801951,14,2020,False
18.01395555,41.54213445772222,-8.039592487892582,-1,2020,True
0.85093614,41.610823069373076,-8.067123345197297,-1,2020,True
39.01399478,41.461104691446465,-8.065441661915463,14,2020,False
5.22478635,41.54887155894799,-8.310602996257986,-1,2020,True
0.20551411,41.729088135389354,-8.142995042859827,-1,2020,True
1.27792881,41.72115243023147,-8.235168635191918,-1,2020,True
2.93129818,41.40824452522303,-8.05704670876916,14,2020,False
10.22742497,41.719592637644155,-8.23934980168318,-1,2020,True
2.01603603,41.55876183240158,-7.939861268726755,-1,2020,True
4.09559339,41.504685115721635,-8.03380641275136,14,2020,False
9.25467987,41.492631933140764,-7.936385921850225,-1,2020,True
136.54624131,41.501639733637944,-7.927247689955125,-1,2020,True
1.82993729,41.42976592685707,-8.483266328579619,-1,2020,True
0.01442647,41.60153978881638,-8.157559627084398,13,2020,False
1.80348494,39.4117972186266,-8.40704025384568,2,2020,False
0.29239258,38.91150262012748,-8.872727004219984,-1,2020,True
0.05670371,39.48466961837121,-8.445108393758797,2,2020,False
2.29476969,39.55449161125473,-8.646555375351921,2,2020,False
0.06193857,39.46689138690172,-8.18975838533876,2,2020,False
0.00125911,39.49434974002841,-8.112907264836185,2,2020,False
0.05990725,39.00820558935162,-8.729496903941786,4,2020,False
0.02434259,39.047217508696846,-8.681488914768684,4,2020,False
0.49869112,39.4192380317825,-8.424774245061563,2,2020,False
0.1577254,39.409472086154345,-8.073374516435962,2,2020,False
0.01741015,39.54385113372679,-8.039920997179808,2,2020,False
1.00054308,38.83456033074677,-8.533676475832127,4,2020,False
0.28110725,39.32384473740392,-8.09033126636319,2,2020,False
0.19977109,38.868055435362216,-8.787573371782662,4,2020,False
0.32395073,39.55864344042159,-8.49852580653044,2,2020,False
1.2998493,39.59207010362199,-8.2938286201168,2,2020,False
1.35199012,38.95972571181005,-8.53552416348946,4,2020,False
1.18611419,38.90727876597752,-8.890619216579125,1,2020,False
6.0373727,38.88051700799221,-8.503653053898933,-1,2020,True
0.0057091,39.52795904956608,-8.15264408091537,2,2020,False
1.33769572,39.54142032386302,-8.353597174727112,2,2020,False
0.3880357,39.03624364827954,-8.722447158142526,4,2020,False
0.03180448,39.473872884269866,-8.552298628744925,2,2020,False
0.01566697,39.34211085532132,-8.057052560013156,2,2020,False
0.02823318,39.49153001826875,-8.550882543621114,2,2020,False
11.30989348,39.558335585747336,-8.565342282579989,2,2020,False
3.5281316,38.86736674168006,-8.880050064736345,-1,2020,True
8.72586649,39.27601348298318,-8.908053260146405,-1,2020,True
0.03950466,39.03042487045915,-8.732218569467154,4,2020,False
0.24608138,39.406427795299656,-8.068098898728758,2,2020,False
0.06956043,38.994781275026945,-8.226031354436397,-1,2020,True
24.48189457,39.29283048443471,-8.08838719478819,2,2020,False
0.08059773,39.42673539480523,-8.213616489759543,2,2020,False
0.15355814,39.33113999541349,-8.317866396364822,2,2020,False
0.09074033,39.34196659255008,-8.057369033931279,2,2020,False
0.01301502,39.469397378818414,-8.061145230301351,2,2020,False
8.18255681,38.82070155365974,-8.798092155107593,3,2020,False
0.00160629,39.486506732295005,-8.269395340552201,2,2020,False
2.49517882,39.160583690351295,-8.770622882466585,4,2020,False
2.22683536,39.6281852425584,-8.53806021580419,2,2020,False
0.09904463,39.6470127836489,-7.91593506072353,-1,2020,True
1.41182838,39.508488806784534,-8.403398165614325,2,2020,False
0.00092951,39.51548188351516,-8.161045914190941,2,2020,False
1.66514916,39.47935085452883,-8.028750265867165,2,2020,False
1.3047535,39.56783874922826,-8.127398388155685,2,2020,False
0.08951414,39.42262145554699,-8.554981851107112,2,2020,False
0.05908545,39.5688516256375,-8.224840151010786,2,2020,False
26.59060551,39.28044641832164,-8.827971785210476,-1,2020,True
0.02871951,39.54211352940385,-8.136658001025546,2,2020,False
0.56376406,39.450395160440856,-8.081995873110236,2,2020,False
0.29565947,39.05240211219747,-8.717498069505945,4,2020,False
0.16867642,39.07985192712377,-8.49937891668791,4,2020,False
0.00048705,39.57448253221362,-8.148265683610608,2,2020,False
0.03411691,39.61415575200762,-8.194678390839382,2,2020,False
0.05572475,39.323200973715934,-8.50555368966865,2,2020,False
0.17332597,39.46056178036717,-8.522618888450785,2,2020,False
0.00053136,39.59138443033707,-8.142467254059664,2,2020,False
0.87908905,39.438211901399875,-8.839427938879721,2,2020,False
3.15254726,39.54953510319777,-8.688641513567715,2,2020,False
36.52125627,39.61718501679379,-8.164638514176472,2,2020,False
0.94653272,39.06881489296954,-8.682140729770614,4,2020,False
0.04107979,39.61452298903126,-8.19438773263968,2,2020,False
0.06839039,39.45473524842343,-8.188014114332617,2,2020,False
0.11659104,39.56784985026099,-8.169051143964216,2,2020,False
1.3264343,39.064691332192915,-8.725400770742908,4,2020,False
18.08983398,39.56430034920795,-8.23660173621761,2,2020,False
0.0076991,39.46250753746404,-8.208417109470204,2,2020,False
0.33031145,39.57380525256004,-8.172526925436117,2,2020,False
0.00597523,39.38162199151439,-8.151727824315994,2,2020,False
0.28254842,39.143591587335614,-8.444782899560847,-1,2020,True
4.70740236,39.64893116785226,-8.567038055482081,2,2020,False
13.20428353,39.53612457488437,-8.124548623936413,2,2020,False
1.32975541,39.38085224483942,-8.776538542784387,2,2020,False
0.65319584,39.480311720280376,-8.615440863480378,2,2020,False
3.8489835,39.072320969684675,-8.564199369211215,4,2020,False
0.32687585,39.37686451834751,-8.340346819379823,2,2020,False
0.03415786,39.05981353753194,-8.629152450551489,4,2020,False
0.2863817,39.44866791986723,-8.250436491655234,2,2020,False
79.48657494,39.64047281542152,-8.549906064121537,2,2020,False
0.11290002,38.96977850161199,-8.516276205515496,4,2020,False
0.1995009,39.478721190373705,-8.439784391333886,2,2020,False
0.02013918,38.975140005022105,-8.520417761783944,4,2020,False
0.23902187,39.46516351660625,-8.098675476103509,2,2020,False
0.0220303,39.48006060777745,-8.657184023406302,2,2020,False
3.68818381,39.68790080424172,-8.265004326151304,2,2020,False
2.64897585,39.24221222710558,-8.22625092595957,-1,2020,True
0.00133095,39.447788820002046,-8.297714036665633,2,2020,False
225.79683196,39.59642213284368,-8.2122640889142,2,2020,False
0.00999693,39.048964837645094,-8.634044392121805,4,2020,False
0.09266398,39.44842138156957,-8.25068763492985,2,2020,False
6.72569343,39.581954659409874,-8.657813767929602,2,2020,False
0.02834521,38.90941801962864,-8.62405883006326,4,2020,False
0.03016962,39.556866181953666,-8.150674595714902,2,2020,False
0.08118534,38.96648270189373,-8.522414912175144,4,2020,False
0.62364474,39.38843767656549,-8.050645312220508,2,2020,False
31.01793918,39.46907508995142,-8.29257055933166,2,2020,False
0.11139071,39.49008082772709,-8.298232079455708,2,2020,False
0.02947713,39.503020105067144,-8.093045678622566,2,2020,False
0.27206409,39.00520824088347,-8.55075739006537,4,2020,False
0.05716395,38.9153981565314,-8.663670504561757,4,2020,False
0.27976031,39.50910278477247,-8.325868443160719,2,2020,False
0.00554113,39.47432383412567,-8.5500735312056,2,2020,False
0.07744081,39.421933219240636,-8.681776922230588,2,2020,False
3.87574689,38.89390569168888,-8.63939688001537,4,2020,False
1.48058527,39.27487753304579,-8.914484326100794,-1,2020,True
0.02488719,39.47815920676326,-8.61513668538849,2,2020,False
0.02084646,39.56243934929469,-8.149831552917885,2,2020,False
0.00043363,39.590810328266514,-8.141185993357887,2,2020,False
0.02316382,39.500422784183165,-8.169419817828564,2,2020,False
3.701e-05,39.46856735000007,-8.20426335000002,2,2020,False
1.77656637,39.67183427298103,-8.627952321849653,2,2020,False
20.18401055,39.393273467675314,-8.56437193587835,2,2020,False
9.84378948,39.388349329084434,-8.03604015590685,2,2020,False
0.80629865,38.874245081503446,-8.699601700869895,4,2020,False
1.90327389,39.630915948480485,-8.5471479995004,2,2020,False
2.75316997,39.7554354117522,-8.479727040747349,2,2020,False
0.01402836,39.47269667652429,-8.677624418979814,2,2020,False
0.16460752,39.488300287479554,-8.646728139243129,2,2020,False
4.96480039,39.28443215684404,-8.769402184537386,-1,2020,True
0.85131884,39.13121553863051,-8.652879788618225,4,2020,False
0.20683195,38.875520080735654,-8.852033779087417,-1,2020,True
0.19588007,39.278019268328734,-8.507145864154232,2,2020,False
4.70813007,38.89901875320496,-8.677207926781835,4,2020,False
0.06599352,39.50129853416222,-8.64353105871366,2,2020,False
0.59900077,39.3906213866337,-8.561750198186983,2,2020,False
2.33455464,39.62058603548691,-8.158686582485185,2,2020,False
1.29508153,39.22912503395935,-8.765997614523329,-1,2020,True
0.1231351,39.61455809089915,-8.231232467226038,2,2020,False
0.10976928,38.92783985667795,-8.868839109506274,-1,2020,True
0.11079224,39.51189496550797,-8.689830892709368,2,2020,False
0.0725055,39.551577326774506,-8.179209368446905,2,2020,False
30.2193029,39.61951323322843,-8.63001007729374,2,2020,False
0.00137364,39.552181003933114,-8.180210800626744,2,2020,False
0.02740428,39.5349521318138,-8.155775925608847,2,2020,False
0.00048267,39.474214780570655,-8.551792075757218,2,2020,False
0.05652882,39.60655243197132,-8.498219170495728,2,2020,False
0.00828882,39.622484219985076,-8.159962756693236,2,2020,False
0.02804294,39.61806129943085,-8.175571621016275,2,2020,False
0.09491537,39.08058186571449,-8.557822613270519,4,2020,False
0.30513347,39.511444730235475,-8.653789854083625,2,2020,False
0.064733,39.44917720052451,-8.472296312427172,2,2020,False
7.64285487,39.721911620598114,-8.605178920009914,2,2020,False
0.00105815,39.4906204074092,-8.334050361621646,2,2020,False
2.84209481,39.389284765325904,-8.731707658434168,2,2020,False
0.24956584,39.528183530011184,-8.108842322065138,2,2020,False
55.82512172,39.50466735142734,-8.319099209085632,2,2020,False
0.05359972,39.41204801156804,-8.475348243159724,2,2020,False
0.05809217,39.42085650473143,-8.735582733420545,2,2020,False
0.29121833,39.455384573991175,-8.23315916436655,2,2020,False
0.02072114,39.485234274262105,-8.64286379268782,2,2020,False
0.02376767,39.348011157995984,-8.133535344797965,2,2020,False
0.42497754,39.411742875674086,-8.419950240642008,2,2020,False
0.53373191,39.42071576117428,-8.514474006894451,2,2020,False
0.45654178,39.4321779151953,-8.176819770189681,2,2020,False
0.0737311,39.55317509977795,-8.176694102122921,2,2020,False
0.01049696,39.55318130131247,-8.151032004402746,2,2020,False
0.07902034,39.56120338168696,-8.148295163183693,2,2020,False
1.60721187,39.439437601559476,-8.828054242772453,2,2020,False
0.00527034,39.46730173711189,-8.153572434005879,2,2020,False
11.07781446,39.53434821101593,-8.119989620729209,2,2020,False
0.04034002,39.52142918977379,-8.300562830166788,2,2020,False
0.01299912,39.320897282975785,-8.511124739631555,2,2020,False
4.16594968,39.772337803371364,-8.613743978805681,2,2020,False
59.03228006,39.750054041815254,-8.653592599989992,2,2020,False
0.01933508,39.44848809621942,-8.298437338120168,2,2020,False
0.8248538,39.55373120132957,-8.175777502630158,2,2020,False
0.0194011,39.46280755049294,-8.480416316635807,2,2020,False
0.14736956,39.42515263622589,-8.524137048973937,2,2020,False
4.18795748,39.559095314882114,-8.23908395338469,2,2020,False
0.00325337,39.32505578737601,-8.488927272679872,2,2020,False
4.32101229,39.53846110923576,-8.11932439261452,2,2020,False
1.28120422,39.617642091588,-8.454603152495064,2,2020,False
0.56384806,39.04492881608486,-8.671886829726905,4,2020,False
0.39356718,38.880244788020626,-8.689487384252773,4,2020,False
0.55286804,39.027063153737075,-8.653978160606732,4,2020,False
0.00017872,39.47768764333372,-8.237141270000436,2,2020,False
0.00421284,39.43550517699443,-8.172468128593197,2,2020,False
1.48289469,39.44705563739838,-8.55446886791647,2,2020,False
0.06896427,38.90086438912053,-8.841408363294255,-1,2020,True
0.11114532,38.941683822447025,-8.490961304873657,-1,2020,True
0.08129698,39.60148050568944,-7.989208414905587,2,2020,False
0.14067257,39.56976206697369,-8.152896652522871,2,2020,False
0.05148301,39.26493553427632,-8.190570471597482,2,2020,False
0.11929815,39.59591960595023,-8.163341127171451,2,2020,False
0.06465352,39.465697147631445,-8.141497945876708,2,2020,False
0.18627891,39.05500641892937,-8.671752508981571,4,2020,False
0.02239952,39.5455967017326,-8.128850574002277,2,2020,False
0.01474307,39.34880871339242,-8.139836168651325,2,2020,False
0.29567777,39.545082390506344,-8.120004180857915,2,2020,False
2.63310624,39.15698984741418,-8.52423726463932,-1,2020,True
0.09464963,39.4951995593715,-8.148079951440947,2,2020,False
2.86613461,39.22166431990703,-8.668193585342806,-1,2020,True
10.24229236,39.42168956419055,-8.281015618184096,2,2020,False
0.00927744,39.440807073921924,-8.495740087227878,2,2020,False
2.32928011,39.29272405699389,-8.347896711562717,2,2020,False
1.12703871,38.987451612443046,-8.735630150217903,4,2020,False
0.242905,39.67983025239754,-8.02038051303893,2,2020,False
9.0274023,38.865200488971766,-9.093159104572733,1,2020,False
2.62307208,39.221816416525535,-8.99221174645583,-1,2020,True
12.42176193,38.71453034525365,-9.428578866428888,-1,2020,True
1.54441031,38.72203962063943,-9.456056831172525,-1,2020,True
6.3090761,38.79942932352972,-9.295736967476026,1,2020,False
1.12781003,38.77103394046698,-9.237458729151378,1,2020,False
76.47975148,38.86742966923842,-9.099783792952573,1,2020,False
1.95861189,38.893957279515085,-9.361101399646396,1,2020,False
5.29241541,38.801398653154514,-9.328448492123304,1,2020,False
8.08419074,39.08779220000271,-8.93589896204367,-1,2020,True
3.25036653,39.1590747729738,-9.10635289590755,-1,2020,True
3.88378717,38.80295833304753,-9.24367476339577,1,2020,False
2.01580935,38.901109252797006,-9.235895550979269,1,2020,False
1.03614577,38.969538793198524,-9.110406810435828,1,2020,False
8.59388643,38.877049110843686,-9.287291583647173,1,2020,False
5.23127102,39.161581615161595,-9.116060501171267,-1,2020,True
5.50376805,38.96931057983742,-9.109259960235171,1,2020,False
3.24963779,38.97158388158903,-9.108003772569592,1,2020,False
11.86492788,38.88837448243459,-9.202630342508272,1,2020,False
3.09517624,38.95140198678845,-9.181898247713322,1,2020,False
19.75708075,39.15871376226484,-9.102018586994626,-1,2020,True
2.71029282,38.952163960535806,-9.116450083692593,1,2020,False
3.83957228,38.73699567040285,-9.119844860955192,-1,2020,True
2.03146185,38.87646768146523,-9.289104008038942,1,2020,False
3.97950274,38.8221671842752,-9.13707862518704,1,2020,False
5.96359263,39.01093660286299,-9.22933919397804,-1,2020,True
1.48811756,38.96906033347123,-9.16002280137903,1,2020,False
2.54494218,38.815649234877284,-9.32629805685173,1,2020,False
11.37024474,39.0376507225437,-9.207282272512023,1,2020,False
4.40481261,39.20653059612656,-8.852445086647561,-1,2020,True
1.07058664,38.74495502457832,-9.379141561682419,-1,2020,True
0.99223461,38.772060597301646,-9.335619715154262,1,2020,False
0.13124905,38.567531802527725,-8.86107015981715,3,2020,False
0.04481487,38.67980772871305,-8.557146529393943,-1,2020,True
17.07471892,38.7091019726917,-8.667426558735842,-1,2020,True
9.15863993,38.453886931792184,-8.622492032983352,-1,2020,True
4.35816997,38.5551272310649,-9.006598325369993,3,2020,False
20.95405953,38.64420658623279,-8.903813113032113,3,2020,False
3.36467486,38.486965211942255,-8.360707830039,-1,2020,True
0.11077739,38.57158055458785,-8.86503310070928,3,2020,False
1.51832839,38.622931269887516,-8.93788756979201,3,2020,False
1.62790721,38.733615015340646,-8.634049835063237,-1,2020,True
1.33808935,37.92916781627805,-8.400702044933686,-1,2020,True
1.42119849,38.55058334402058,-8.986147045461534,-1,2020,True
1.4977798,38.118458704294014,-8.69926030862578,-1,2020,True
4.3971043,38.55577285287743,-9.004861334395613,3,2020,False
0.12090783,38.79711896057082,-8.69931323235749,-1,2020,True
0.1129715,38.586885530670436,-8.83642817126837,3,2020,False
0.02505552,38.58582818418799,-8.818078243993241,3,2020,False
0.00890682,38.639649890692354,-8.734498754193316,3,2020,False
1.8565868,38.64064701482998,-8.880089015621712,3,2020,False
1.10640529,38.55594340560784,-8.76287225746172,3,2020,False
0.15466509,38.64032555846414,-8.877895138193988,3,2020,False
0.18147038,38.63972645907843,-8.877855573460772,3,2020,False
3.65905076,38.239935237073475,-8.746317986278736,-1,2020,True
0.00974489,38.563881393419024,-8.783519736601168,3,2020,False
0.00647962,38.6461197780083,-9.048537060329638,-1,2020,True
0.00266179,38.61982518139,-8.920546598464188,3,2020,False
0.05090384,38.69220164537887,-8.759701225047419,3,2020,False
1.14367277,38.61471163370827,-8.89104035811792,3,2020,False
8.29597537,38.499639685416305,-9.181078488041123,-1,2020,True
3.29540317,38.243712613808086,-8.743735119909667,-1,2020,True
0.09543167,38.57195634036992,-8.774249420923919,3,2020,False
34.33306045,41.39663008280527,-7.5666644509259,-1,2020,True
1.45031693,41.51104370155809,-7.434445200165918,-1,2020,True
2.36638562,41.43766650613026,-7.8557779346922825,-1,2020,True
3.07660371,41.40497688664835,-7.797564441117555,-1,2020,True
2.52709864,41.64547472183062,-7.757275358441777,-1,2020,True
7.55222157,41.38315951499809,-7.838596231460814,-1,2020,True
117.66188868,41.80920501607138,-7.730746312963873,-1,2020,True
13.16171289,41.72807943264432,-7.24226240334828,7,2020,False
1.4891561,41.61629894001175,-7.259224034741704,7,2020,False
4.49519746,41.50608329830971,-7.414615226192165,-1,2020,True
11.86521603,41.73353103557168,-8.051592299084293,-1,2020,True
12.26060366,41.34760148712447,-7.825423451859581,-1,2020,True
7.85140189,41.8727218501231,-7.759531602569176,-1,2020,True
2.20139745,41.72826555908834,-7.327387942419093,7,2020,False
1.39807421,41.750872213321024,-7.333620595202976,7,2020,False
2.00518171,41.639968988189416,-7.288634794473996,7,2020,False
25.42559447,41.804660991035334,-7.685543652381537,-1,2020,True
2.48005195,41.41336020952231,-7.628557776300397,-1,2020,True
4.38910419,41.7144016152791,-7.742250318682409,-1,2020,True
15.60306913,41.668339474637136,-7.8844011207391915,-1,2020,True
0.98791126,41.272383435725544,-7.4581508689866025,-1,2020,True
5.39465253,41.9000334106846,-7.911392045153408,-1,2020,True
25.68966288,41.67775129524027,-7.898846457013698,-1,2020,True
2.02867948,41.71861212020387,-7.9919263062127115,-1,2020,True
2.854235,41.34384092847683,-7.8018881899305255,-1,2020,True
2.34004012,41.70978963064164,-7.983364879840434,-1,2020,True
0.94770639,41.72653120741499,-7.998288961276658,-1,2020,True
1.49911177,41.725094571823426,-7.997689113931504,-1,2020,True
4.56749959,41.718934514227485,-7.234374107036345,7,2020,False
0.86906638,41.71461686627725,-7.256995972298202,7,2020,False
9.00532204,41.44183194874804,-7.740647593824486,-1,2020,True
1.42953174,41.739473685662844,-8.004117264752612,-1,2020,True
11.39789116,41.728641684117164,-8.03891459693634,-1,2020,True
5.72807042,41.73274471993089,-8.039628198926529,-1,2020,True
1.11510899,41.77550354215548,-7.2466659341997,7,2020,False
0.37702388,41.734716015011514,-7.422924875416411,7,2020,False
0.76509562,41.37172493826645,-7.568955720566604,-1,2020,True
0.44094516,41.37247684119526,-7.565405479338251,-1,2020,True
0.81540758,41.63614909312931,-7.414817113977943,7,2020,False
0.0008066,41.60437285606274,-7.507036633011226,-1,2020,True
1.41052139,41.15468215631062,-7.686504762808353,-1,2020,True
0.37468091,41.724323958020385,-7.426292075657292,7,2020,False
0.85006484,41.56491369863429,-7.404264143727964,7,2020,False
3.95804409,41.145284550891375,-7.897496492616515,8,2020,False
0.70520558,41.459075594773815,-7.846694253986636,-1,2020,True
0.004293,41.728436835082974,-7.395461031826465,7,2020,False
14.9777888,41.69424639193512,-8.097663676441071,-1,2020,True
1.93588098,41.72002096359323,-7.69919009815592,-1,2020,True
0.03288238,41.72838550602039,-7.395444977101733,7,2020,False
1.06623265,41.74423258495347,-7.8646697149408435,-1,2020,True
53.95713454,41.301530371224146,-7.5977317652718375,-1,2020,True
1.38640652,41.440732016848564,-7.653317870120934,-1,2020,True
1.43261714,41.77772967570762,-7.221880348929472,7,2020,False
3.46202068,41.77683759288477,-7.213176687125099,7,2020,False
107.56338269,41.86174646345737,-7.643678467408535,-1,2020,True
2.02169043,41.678074085637505,-7.3608408235630725,7,2020,False
1.50557165,41.647417953523835,-7.358986186746489,7,2020,False
6.6412889,41.47921519078097,-7.701242263673253,-1,2020,True
5.8801226,41.43790035353162,-7.652241792336611,-1,2020,True
2.82397575,41.68147939288744,-7.358245924046947,7,2020,False
0.99928791,41.6875886707368,-7.428158280542131,7,2020,False
1.50536974,41.48740127478217,-7.362760407469935,-1,2020,True
3.29824161,41.53114797805684,-7.241847320985265,-1,2020,True
0.97880161,41.737299156151494,-7.370735450501372,7,2020,False
10.55689417,41.42992352592252,-7.750682471419001,-1,2020,True
2604.84296756,41.815333963151545,-7.368137783355475,7,2020,False
3.02059228,41.598798096330476,-7.398512326375346,7,2020,False
14.72189085,41.777376019239476,-7.244095681941727,7,2020,False
2.08815278,41.81853950431957,-7.276504141102463,-1,2020,True
3.01969141,41.65667827434063,-7.783455568504387,-1,2020,True
220.07759796,41.41514365737531,-7.914096231720397,-1,2020,True
88.37986347,41.58392072449897,-7.53612773622153,-1,2020,True
9.27246622,41.53202219637199,-7.238853860153949,-1,2020,True
32.0143846,41.807251239162696,-7.739668986290097,-1,2020,True
0.76339923,41.54916407888276,-7.429426613016155,7,2020,False
1.41600693,41.534581930364446,-7.823875233791557,-1,2020,True
852.69862723,41.30894722220351,-7.442009499577763,-1,2020,True
218.37613898,41.25699042800826,-7.618880508211614,-1,2020,True
1.11003847,41.780362476253195,-7.433056353268195,7,2020,False
5.21860005,41.46069033578621,-7.6894735057393735,-1,2020,True
148.56039288,41.71650499140669,-7.424468998509057,7,2020,False
67.37513052,41.43671288230185,-7.654557197705188,-1,2020,True
22.96780996,41.877002995227045,-7.896641772015822,-1,2020,True
1.68520569,41.40117456297864,-7.549020183470517,-1,2020,True
9.45299411,41.53180525748864,-7.4324580504025555,7,2020,False
1.41165454,41.75491348881935,-7.95085595345088,-1,2020,True
0.05324419,41.71934775553949,-7.427539271397129,7,2020,False
2.74132284,41.75556594831805,-7.9499815769977955,-1,2020,True
1.42655784,41.7463538518971,-7.895122746582286,-1,2020,True
1.30654392,41.695273674340875,-7.258916077102265,7,2020,False
1.17353229,41.362273763699854,-7.641512370688601,-1,2020,True
40.72283625,41.89832794457837,-7.692088953570451,-1,2020,True
2.62664933,41.443114986546924,-7.649127822456312,-1,2020,True
0.87245114,41.52611367003635,-7.45847642390886,7,2020,False
27.13575112,41.37393243816598,-7.865983414653066,-1,2020,True
1.4414561,41.29071466986224,-7.4007900081679185,-1,2020,True
5.19007075,41.76117331088328,-7.323165308274279,7,2020,False
2.65279475,41.79356426565519,-7.569566046913523,-1,2020,True
0.24223026,41.655719730161785,-7.4647069329681015,7,2020,False
1.06450346,41.73394228435803,-7.9750212396119915,-1,2020,True
94.133067,41.68378881140061,-7.890151343254367,-1,2020,True
2.50777929,41.708250380077956,-7.884208654372133,-1,2020,True
2.89547995,41.72231066667671,-7.96957756928733,-1,2020,True
1.09907873,41.45613864519312,-7.4609289722466166,-1,2020,True
28.65054366,41.36450989342466,-7.950448227866438,-1,2020,True
12.78673202,41.705729324501725,-7.891783987607177,-1,2020,True
6.9161128,41.63287689484126,-7.466535457173643,7,2020,False
3.47750904,41.66653243188615,-7.7785180555551205,-1,2020,True
0.47612334,41.79492184701416,-7.430074284395572,7,2020,False
44.51363249,41.44231297858979,-7.602386404057618,-1,2020,True
1.42549853,41.468652644804315,-7.877917955924235,-1,2020,True
46.7782363,41.23718660614469,-7.865353291103027,-1,2020,True
36.37503176,41.82118934161343,-7.632935746371733,-1,2020,True
50.08042703,41.42951182893816,-7.730104367994644,-1,2020,True
2.19277177,41.508776022610256,-7.375403509480701,-1,2020,True
3.6970183,41.694175837260254,-7.927360760706388,-1,2020,True
2.04806433,41.32978760318797,-7.809878877478067,-1,2020,True
3.71065572,41.77651053618701,-7.767788063367194,-1,2020,True
1.93771764,41.63389081290638,-7.464756838792684,7,2020,False
2.56385112,41.858719366364596,-7.91680483022518,-1,2020,True
4.35823071,41.62487050673232,-7.33000538595663,7,2020,False
1.00346047,41.66843065156392,-7.381900368133563,7,2020,False
1.98320284,41.6416385155785,-7.716509631575951,-1,2020,True
0.19265192,41.62591315932258,-7.3300198653010415,7,2020,False
0.28061566,41.60743352406828,-7.431997108024306,7,2020,False
1.92921069,41.80029451630796,-7.9331605402719525,-1,2020,True
4.83731643,41.76763539331324,-7.841695321647055,-1,2020,True
2.00806675,41.82421621287329,-7.971580463337135,-1,2020,True
29.52893873,41.79472427188387,-7.677157846808794,-1,2020,True
182.143664,41.85379124843197,-7.980220354925024,-1,2020,True
0.99776415,41.79780288456001,-7.93982392896952,-1,2020,True
15.93709993,41.850204906182135,-7.953479142847479,-1,2020,True
2.5379762,41.79746422293136,-7.9365829357931945,-1,2020,True
3.82266666,41.5231654924275,-7.827392862139297,-1,2020,True
1.85129061,41.424510049026054,-7.579159417759243,-1,2020,True
0.83245309,41.34966184602627,-7.657270396866949,-1,2020,True
3.00919899,41.83887552891112,-7.660040849832868,-1,2020,True
8.4385633,41.742847971633594,-7.605274446287484,-1,2020,True
3.73977783,41.83012853338558,-7.58719244040071,-1,2020,True
135.73545602,41.79147317942166,-7.609707831882545,-1,2020,True
7.06415875,41.46139156050336,-7.694390093419161,-1,2020,True
24.04887637,41.703774554874656,-7.2773075902350834,7,2020,False
2.86001886,41.36111467869471,-7.815854842104404,-1,2020,True
1.37720435,41.43361713029035,-7.599274259466005,-1,2020,True
0.14125219,41.750495795928174,-7.4331120814706715,7,2020,False
0.13022809,41.56464486971123,-7.824965233407339,-1,2020,True
9.15798674,41.78952919890619,-7.649556991022244,-1,2020,True
1.98827864,41.17984717050423,-7.890977772275248,8,2020,False
5.04255941,41.44655446361164,-7.869445939555943,-1,2020,True
2.82927321,41.76510165618601,-7.838671653525332,-1,2020,True
0.05037005,41.76918433153743,-7.4519062630279755,7,2020,False
5.65656681,41.53549454777704,-7.502820798422264,-1,2020,True
1.53824637,41.66711186817187,-7.811056447385907,-1,2020,True
17.78228416,41.768370769315794,-7.674403410183418,-1,2020,True
33.14741296,41.824866242961846,-7.614401793347659,-1,2020,True
5.1217824,41.6526158892568,-7.80529850291383,-1,2020,True
1.60530425,41.37248501570872,-7.838326476581411,-1,2020,True
3.25753565,41.74990332794304,-8.016000103629347,-1,2020,True
22.77232706,41.35276148937437,-7.856724376770873,-1,2020,True
12.50106828,41.75621698958956,-7.910171588304871,-1,2020,True
0.0214781,41.32219470397987,-7.143785299013805,5,2020,False
0.00091738,41.24835814202581,-7.367522560332131,-1,2020,True
0.01361292,41.8652176308177,-6.826540707157214,-1,2020,True
15.90279883,41.718485585851695,-7.166605136480111,7,2020,False
22.05561728,41.09776678145283,-6.77061690825243,-1,2020,True
72.83375976,41.32397928623846,-7.2116124464694,5,2020,False
0.00305828,41.82523346152771,-6.770225193400465,-1,2020,True
15.6015762,41.31294873064437,-6.956264999744627,-1,2020,True
0.99023061,41.089861141852396,-6.9618730803411895,-1,2020,True
0.45808127,41.47482679649661,-7.18745640936316,-1,2020,True
1.594607,41.62602951623587,-6.527407260666859,-1,2020,True
0.82148249,41.09050375593746,-6.965852848697379,-1,2020,True
0.05375604,41.39794778826051,-6.619465915381281,-1,2020,True
5.61440918,41.7179987857816,-7.1010052883360455,7,2020,False
18.98984176,41.44473842457507,-7.006814416186455,-1,2020,True
1.33442679,41.727826379105345,-7.117137804976383,7,2020,False
0.06755098,41.317752187064904,-7.028141617146263,5,2020,False
0.45605276,41.635300661437654,-7.140929113723846,7,2020,False
0.08370186,41.64178272251848,-7.127837033540512,-1,2020,True
0.01754205,41.47299994928719,-7.185681827290758,-1,2020,True
0.12465941,41.4815068870519,-6.940826215165231,-1,2020,True
4.90820924,41.836486239089716,-6.581291109058815,-1,2020,True
4.67061318,41.32102641772984,-6.929970343522822,-1,2020,True
6.30399975,41.29121442080227,-6.7496353552691755,-1,2020,True
0.06157789,41.460412938207426,-7.070566800936314,-1,2020,True
39.15440092,41.319230772927156,-6.966976140710421,-1,2020,True
13.17076941,41.56356951804852,-6.523919130508058,-1,2020,True
90.02868299,41.415967629440914,-7.053573607292035,5,2020,False
7.43548617,41.53206663508626,-6.8759627143072075,-1,2020,True
3.0112321,41.89032517823927,-7.159771806666678,-1,2020,True
2.47171351,41.889218428331084,-7.157587720832468,-1,2020,True
2.07268957,41.908922388196416,-7.160762125943774,-1,2020,True
0.02098161,41.542030444523355,-6.965737203233575,-1,2020,True
1.33510136,41.292543915974406,-7.28606335183433,5,2020,False
960.19585448,41.79868980641787,-7.176746580504412,7,2020,False
194.47452424,41.285257488549604,-7.1707325862490965,5,2020,False
2.52720009,41.961587624287475,-6.968063516267421,-1,2020,True
2.24127825,41.52741550929811,-7.198827618166402,-1,2020,True
3.06947517,41.333315039750744,-6.803087902185649,-1,2020,True
337.96340635,41.493325893059016,-7.2075627243236795,-1,2020,True
8.06807233,41.877650254876194,-7.1090080121600066,-1,2020,True
2769.02040992,41.24255199685685,-7.055048017850054,5,2020,False
212.15511887,41.645790023782034,-7.138389231732664,-1,2020,True
34.4924981,41.406008872274775,-6.347647526455101,-1,2020,True
10.03030019,41.196796190764125,-7.281288094639328,5,2020,False
4.11692046,41.485446462360784,-6.970721635841295,-1,2020,True
1.12591106,41.31966896110366,-6.449364653738655,-1,2020,True
256.96913056,41.21538968973888,-6.993761215687416,-1,2020,True
21.4051081,41.447183692534864,-7.026561962678213,-1,2020,True
0.79002474,41.28205672964825,-7.183725139553121,5,2020,False
2.52524747,41.34751491285167,-6.749637304594889,-1,2020,True
8.19975873,41.29926578529955,-6.587552581593317,-1,2020,True
1.64090949,41.95242046444119,-6.968556328073093,-1,2020,True
6.51624456,41.488577225509026,-6.388122981946757,-1,2020,True
37.77025219,41.30988366500522,-7.221206625298258,5,2020,False
0.7927901,41.18850380712316,-7.231178457322817,5,2020,False
1063.96322699,41.965648742508634,-7.117773273151993,-1,2020,True
2.28298145,41.955595018303775,-6.9699883767058655,-1,2020,True
30.56247966,41.94085324652849,-7.173674501803332,-1,2020,True
42.00663114,41.94547267447148,-7.12257665432858,-1,2020,True
2.01996281,41.2191881224164,-6.968861362911561,-1,2020,True
0.53193264,41.75965421957473,-6.650583476556359,-1,2020,True
62.35366829,41.18553389970958,-6.815355780108691,-1,2020,True
1.87548838,41.89181584181928,-7.123655274288506,-1,2020,True
31.708663,41.96800001573354,-6.9817593946037295,-1,2020,True
0.07235865,41.48835423154436,-7.190175384236194,-1,2020,True
4.87640714,41.896606931714665,-6.646455885121181,-1,2020,True
2.49969713,41.58602799552365,-6.2317392330489945,-1,2020,True
8.79385746,41.319808067839745,-7.281621017208101,5,2020,False
0.85593891,41.61826177064473,-7.191764416653457,7,2020,False
3.85743763,41.275449745046814,-6.596774795116795,-1,2020,True
0.19468543,41.71874576312989,-7.158407183265483,7,2020,False
1.62488293,41.31183347298875,-6.5781070091876765,-1,2020,True
1.05343996,41.81353662589161,-6.585565191695146,-1,2020,True
0.11098713,41.26944244365054,-7.147988975382089,5,2020,False
5.91692156,41.92738945624196,-6.88467384745065,-1,2020,True
2.40305974,41.88033032417212,-6.870846330951853,-1,2020,True
0.49056829,41.46302938874302,-6.5706295162046,-1,2020,True
3.25454565,41.9000768010958,-7.147788504503869,-1,2020,True
3.60731953,41.92255157992445,-7.165682718480503,-1,2020,True
1.2443468,41.56348320312804,-6.479836922900714,-1,2020,True
4.86401849,41.66203399202952,-7.213933830813095,7,2020,False
0.00394047,41.612817343682416,-6.460517904748857,-1,2020,True
125.53135095,41.93058306153081,-7.075023670207924,-1,2020,True
1.43399172,41.33775135871266,-7.246887002616062,-1,2020,True
2.69303944,41.44830790167128,-7.034997018705461,-1,2020,True
60.07981991,41.58658920090638,-6.461617462360577,-1,2020,True
1.42539563,41.605820430984835,-6.6209975718281,-1,2020,True
0.03528599,41.72811554564891,-7.142641199792572,7,2020,False
3.64856771,41.95256156181489,-6.95154432954485,-1,2020,True
0.62269657,41.5925711936133,-6.42266924204208,-1,2020,True
1.3876427,41.908778993952396,-7.0264748190610415,-1,2020,True
2.64786423,41.76503819952571,-6.690058777417012,-1,2020,True
0.86459122,41.794574212148746,-6.869710818698247,-1,2020,True
2.61878885,41.79177925579192,-7.17767644640797,7,2020,False
0.72546719,41.6928684072798,-7.136618299594397,7,2020,False
1.32212821,41.2484528847771,-7.272269010447464,5,2020,False
0.41989503,41.28379878532148,-7.201592942800065,5,2020,False
0.61802871,41.82907764491418,-7.067556937383841,-1,2020,True
0.00053018,41.63205336020549,-7.185500810326608,7,2020,False
0.07161998,41.77623204566743,-6.582739042703045,-1,2020,True
